item,source,group,level,intent,expect,metric,target,actual_metric,fired_all_rules,fired_live,missing,false_fire,suppressed,co_fired,status_live,cell_live
GROSS_FAIL_L5_104,0,single,5,GROSS_FAIL,fire,yield,0.02,0.02,GROSS_FAIL,UNKNOWN,,,,,MONITOR,"[MONITOR] [현상] fail 이 있으나 기존 룰로 설명되지 않는 상태입니다.
[과거사례] 참고할 수 있는 과거 사례가 없습니다. 
 [점검제안] 기존 signature 로 설명되지 않는 fail — 발화 사유(단위/limit/표본/조건)를 확인하고 새 불량유형 후보로 검토"
MIX2_GROSS-WIDE_L5_174,1,combo,5,GROSS_FAIL;WIDE_DISTRIBUTION,fire,(조합),,,GROSS_FAIL;WIDE_DISTRIBUTION;BIDIR_TAIL;LOW_CPK,WIDE_DISTRIBUTION;LOW_CPK,,,,BIDIR_TAIL;LOW_CPK,CRITICAL,"[CRITICAL] [현상] 산포가 spec 폭 대비 넓게 퍼져 있습니다.
[과거사례] 참고할 수 있는 과거 사례가 없습니다. 
 [점검제안] 산포가 spec 폭 대비 넓음 — 공정 변동 및 site/wafer 조건별 산포 차이 확인"
GROSS_FAIL_L1_100,2,single,1,GROSS_FAIL,not_fire,yield,0.9,0.9001,UNKNOWN,UNKNOWN,,,,,MONITOR,"[MONITOR] [현상] fail 이 있으나 기존 룰로 설명되지 않는 상태입니다.
[과거사례] 참고할 수 있는 과거 사례가 없습니다. 
 [점검제안] 기존 signature 로 설명되지 않는 fail — 발화 사유(단위/limit/표본/조건)를 확인하고 새 불량유형 후보로 검토"
NORMAL_013_377,2,normal,1,,not_fire,spread_norm,0.0505,0.0502,UNKNOWN,UNKNOWN,,,,,MONITOR,"[MONITOR] [현상] fail 이 있으나 기존 룰로 설명되지 않는 상태입니다.
[과거사례] 참고할 수 있는 과거 사례가 없습니다. 
 [점검제안] 기존 signature 로 설명되지 않는 fail — 발화 사유(단위/limit/표본/조건)를 확인하고 새 불량유형 후보로 검토"
NORMAL_016_380,2,normal,1,,not_fire,spread_norm,0.0545,0.0533,UNKNOWN,UNKNOWN,,,,,MONITOR,"[MONITOR] [현상] fail 이 있으나 기존 룰로 설명되지 않는 상태입니다.
[과거사례] 참고할 수 있는 과거 사례가 없습니다. 
 [점검제안] 기존 signature 로 설명되지 않는 fail — 발화 사유(단위/limit/표본/조건)를 확인하고 새 불량유형 후보로 검토"
NORMAL_022_386,2,normal,1,,not_fire,spread_norm,0.0549,0.056,UNKNOWN,UNKNOWN,,,,,MONITOR,"[MONITOR] [현상] fail 이 있으나 기존 룰로 설명되지 않는 상태입니다.
[과거사례] 참고할 수 있는 과거 사례가 없습니다. 
 [점검제안] 기존 signature 로 설명되지 않는 fail — 발화 사유(단위/limit/표본/조건)를 확인하고 새 불량유형 후보로 검토"
GROSS_FAIL_L4_103,2,single,4,GROSS_FAIL,fire,yield,0.15,0.15,GROSS_FAIL,UNKNOWN,,,,,MONITOR,"[MONITOR] [현상] fail 이 있으나 기존 룰로 설명되지 않는 상태입니다.
[과거사례] 참고할 수 있는 과거 사례가 없습니다. 
 [점검제안] 기존 signature 로 설명되지 않는 fail — 발화 사유(단위/limit/표본/조건)를 확인하고 새 불량유형 후보로 검토"
MIX2_GROSS-WIDE_L1_170,3,combo,1,GROSS_FAIL;WIDE_DISTRIBUTION,not_fire,(조합),,,UNKNOWN,UNKNOWN,,,,,MONITOR,"[MONITOR] [현상] fail 이 있으나 기존 룰로 설명되지 않는 상태입니다.
[과거사례] 참고할 수 있는 과거 사례가 없습니다. 
 [점검제안] 기존 signature 로 설명되지 않는 fail — 발화 사유(단위/limit/표본/조건)를 확인하고 새 불량유형 후보로 검토"
NORMAL_023_387,3,normal,1,,not_fire,spread_norm,0.021,0.0212,UNKNOWN,UNKNOWN,,,,,MONITOR,"[MONITOR] [현상] fail 이 있으나 기존 룰로 설명되지 않는 상태입니다.
[과거사례] 참고할 수 있는 과거 사례가 없습니다. 
 [점검제안] 기존 signature 로 설명되지 않는 fail — 발화 사유(단위/limit/표본/조건)를 확인하고 새 불량유형 후보로 검토"
NORMAL_024_388,3,normal,1,,not_fire,spread_norm,0.0362,0.0378,UNKNOWN,UNKNOWN,,,,,MONITOR,"[MONITOR] [현상] fail 이 있으나 기존 룰로 설명되지 않는 상태입니다.
[과거사례] 참고할 수 있는 과거 사례가 없습니다. 
 [점검제안] 기존 signature 로 설명되지 않는 fail — 발화 사유(단위/limit/표본/조건)를 확인하고 새 불량유형 후보로 검토"
NORMAL_026_390,3,normal,1,,not_fire,spread_norm,0.0229,0.0222,UNKNOWN,UNKNOWN,,,,,MONITOR,"[MONITOR] [현상] fail 이 있으나 기존 룰로 설명되지 않는 상태입니다.
[과거사례] 참고할 수 있는 과거 사례가 없습니다. 
 [점검제안] 기존 signature 로 설명되지 않는 fail — 발화 사유(단위/limit/표본/조건)를 확인하고 새 불량유형 후보로 검토"
MIX2_GROSS-WIDE_L4_173,3,combo,4,GROSS_FAIL;WIDE_DISTRIBUTION,fire,(조합),,,GROSS_FAIL;WIDE_DISTRIBUTION;LOW_CPK,WIDE_DISTRIBUTION;LOW_CPK,,,,LOW_CPK,CRITICAL,"[CRITICAL] [현상] 산포가 spec 폭 대비 넓게 퍼져 있습니다.
[과거사례] 참고할 수 있는 과거 사례가 없습니다. 
 [점검제안] 산포가 spec 폭 대비 넓음 — 공정 변동 및 site/wafer 조건별 산포 차이 확인"
BIDIR_TAIL_L1_030,4,single,1,BIDIR_TAIL,not_fire,spec_margin_min,1.2,1.1795,WIDE_DISTRIBUTION;LOW_CPK,WIDE_DISTRIBUTION;LOW_CPK,,,,WIDE_DISTRIBUTION;LOW_CPK,MAJOR,"[MAJOR] [현상] 산포가 spec 폭 대비 넓게 퍼져 있습니다.
[과거사례] 참고할 수 있는 과거 사례가 없습니다. 
 [점검제안] 산포가 spec 폭 대비 넓음 — 공정 변동 및 site/wafer 조건별 산포 차이 확인"
LOW_CPK_L1_020,4,single,1,LOW_CPK,not_fire,cpk,1.5,1.5301,UNKNOWN,UNKNOWN,,,,,MONITOR,"[MONITOR] [현상] fail 이 있으나 기존 룰로 설명되지 않는 상태입니다.
[과거사례] 참고할 수 있는 과거 사례가 없습니다. 
 [점검제안] 기존 signature 로 설명되지 않는 fail — 발화 사유(단위/limit/표본/조건)를 확인하고 새 불량유형 후보로 검토"
LOW_CPK_L2_021,4,single,2,LOW_CPK,fire,cpk,1.2,1.2026,SPEC_TOO_TIGHT,SPEC_TOO_TIGHT,,,LOW_CPK,SPEC_TOO_TIGHT,MINOR,"[MINOR] [현상] 산포는 안정적이나 spec margin이 부족한 상태입니다.
[과거사례] 참고할 수 있는 과거 사례가 없습니다. 
 [점검제안] 분포는 양호(좁고·중앙·단봉)한데 cpk 낮음 — spec margin 자체 검토(spec_review)"
LOW_CPK_L3_022,4,single,3,LOW_CPK,fire,cpk,0.9,0.8839,WIDE_DISTRIBUTION;LOW_CPK,WIDE_DISTRIBUTION;LOW_CPK,,,,WIDE_DISTRIBUTION,MAJOR,"[MAJOR] [현상] 산포가 spec 폭 대비 넓게 퍼져 있습니다.
[과거사례] 참고할 수 있는 과거 사례가 없습니다. 
 [점검제안] 산포가 spec 폭 대비 넓음 — 공정 변동 및 site/wafer 조건별 산포 차이 확인"
LOW_CPK_L4_023,4,single,4,LOW_CPK,fire,cpk,0.6,0.575,WIDE_DISTRIBUTION;LOW_CPK,WIDE_DISTRIBUTION;LOW_CPK,,,,WIDE_DISTRIBUTION,MAJOR,"[MAJOR] [현상] 산포가 spec 폭 대비 넓게 퍼져 있습니다.
[과거사례] 참고할 수 있는 과거 사례가 없습니다. 
 [점검제안] 산포가 spec 폭 대비 넓음 — 공정 변동 및 site/wafer 조건별 산포 차이 확인"
LOW_CPK_L5_024,4,single,5,LOW_CPK,fire,cpk,0.3,0.2983,BIDIR_TAIL;WIDE_DISTRIBUTION;LOW_CPK,WIDE_DISTRIBUTION;LOW_CPK,,,,BIDIR_TAIL;WIDE_DISTRIBUTION,MAJOR,"[MAJOR] [현상] 산포가 spec 폭 대비 넓게 퍼져 있습니다.
[과거사례] 참고할 수 있는 과거 사례가 없습니다. 
 [점검제안] 산포가 spec 폭 대비 넓음 — 공정 변동 및 site/wafer 조건별 산포 차이 확인"
MEAN_SHIFT_L1_025,4,single,1,MEAN_SHIFT,not_fire,center_bias,0.15,0.1505,UNKNOWN,UNKNOWN,,,,,MONITOR,"[MONITOR] [현상] fail 이 있으나 기존 룰로 설명되지 않는 상태입니다.
[과거사례] 참고할 수 있는 과거 사례가 없습니다. 
 [점검제안] 기존 signature 로 설명되지 않는 fail — 발화 사유(단위/limit/표본/조건)를 확인하고 새 불량유형 후보로 검토"
MEAN_SHIFT_L2_026,4,single,2,MEAN_SHIFT,fire,center_bias,0.35,0.3505,MEAN_SHIFT,MEAN_SHIFT,,,,,MINOR,"[MINOR] [현상] 분포 중심이 한쪽 spec으로 치우쳐 있습니다.
[과거사례] 참고할 수 있는 과거 사례가 없습니다. 
 [점검제안] 분포 중심이 한쪽 spec 으로 치우침 — offset/센터링 trim 검토"
MEAN_SHIFT_L3_027,4,single,3,MEAN_SHIFT,fire,center_bias,0.5,0.5002,MEAN_SHIFT,MEAN_SHIFT,,,,,MINOR,"[MINOR] [현상] 분포 중심이 한쪽 spec으로 치우쳐 있습니다.
[과거사례] 참고할 수 있는 과거 사례가 없습니다. 
 [점검제안] 분포 중심이 한쪽 spec 으로 치우침 — offset/센터링 trim 검토"
MEAN_SHIFT_L4_028,4,single,4,MEAN_SHIFT,fire,center_bias,0.7,0.7002,MEAN_SHIFT,MEAN_SHIFT,,,,,MINOR,"[MINOR] [현상] 분포 중심이 한쪽 spec으로 치우쳐 있습니다.
[과거사례] 참고할 수 있는 과거 사례가 없습니다. 
 [점검제안] 분포 중심이 한쪽 spec 으로 치우침 — offset/센터링 trim 검토"
MEAN_SHIFT_L5_029,4,single,5,MEAN_SHIFT,fire,center_bias,0.9,0.9001,MEAN_SHIFT,MEAN_SHIFT,,,,,MINOR,"[MINOR] [현상] 분포 중심이 한쪽 spec으로 치우쳐 있습니다.
[과거사례] 참고할 수 있는 과거 사례가 없습니다. 
 [점검제안] 분포 중심이 한쪽 spec 으로 치우침 — offset/센터링 trim 검토"
NORMAL_000_364,4,normal,1,,not_fire,spread_norm,0.0237,0.0235,UNKNOWN,UNKNOWN,,,,,MONITOR,"[MONITOR] [현상] fail 이 있으나 기존 룰로 설명되지 않는 상태입니다.
[과거사례] 참고할 수 있는 과거 사례가 없습니다. 
 [점검제안] 기존 signature 로 설명되지 않는 fail — 발화 사유(단위/limit/표본/조건)를 확인하고 새 불량유형 후보로 검토"
NORMAL_001_365,4,normal,1,,not_fire,spread_norm,0.0408,0.0403,UNKNOWN,UNKNOWN,,,,,MONITOR,"[MONITOR] [현상] fail 이 있으나 기존 룰로 설명되지 않는 상태입니다.
[과거사례] 참고할 수 있는 과거 사례가 없습니다. 
 [점검제안] 기존 signature 로 설명되지 않는 fail — 발화 사유(단위/limit/표본/조건)를 확인하고 새 불량유형 후보로 검토"
NORMAL_003_367,4,normal,1,,not_fire,spread_norm,0.0619,0.0648,UNKNOWN,UNKNOWN,,,,,MONITOR,"[MONITOR] [현상] fail 이 있으나 기존 룰로 설명되지 않는 상태입니다.
[과거사례] 참고할 수 있는 과거 사례가 없습니다. 
 [점검제안] 기존 signature 로 설명되지 않는 fail — 발화 사유(단위/limit/표본/조건)를 확인하고 새 불량유형 후보로 검토"
NORMAL_006_370,4,normal,1,,not_fire,spread_norm,0.0632,0.0644,UNKNOWN,UNKNOWN,,,,,MONITOR,"[MONITOR] [현상] fail 이 있으나 기존 룰로 설명되지 않는 상태입니다.
[과거사례] 참고할 수 있는 과거 사례가 없습니다. 
 [점검제안] 기존 signature 로 설명되지 않는 fail — 발화 사유(단위/limit/표본/조건)를 확인하고 새 불량유형 후보로 검토"
NORMAL_007_371,4,normal,1,,not_fire,spread_norm,0.0616,0.061,UNKNOWN,UNKNOWN,,,,,MONITOR,"[MONITOR] [현상] fail 이 있으나 기존 룰로 설명되지 않는 상태입니다.
[과거사례] 참고할 수 있는 과거 사례가 없습니다. 
 [점검제안] 기존 signature 로 설명되지 않는 fail — 발화 사유(단위/limit/표본/조건)를 확인하고 새 불량유형 후보로 검토"
NORMAL_010_374,4,normal,1,,not_fire,spread_norm,0.0329,0.0317,UNKNOWN,UNKNOWN,,,,,MONITOR,"[MONITOR] [현상] fail 이 있으나 기존 룰로 설명되지 않는 상태입니다.
[과거사례] 참고할 수 있는 과거 사례가 없습니다. 
 [점검제안] 기존 signature 로 설명되지 않는 fail — 발화 사유(단위/limit/표본/조건)를 확인하고 새 불량유형 후보로 검토"
NORMAL_011_375,4,normal,1,,not_fire,spread_norm,0.0251,0.0253,UNKNOWN,UNKNOWN,,,,,MONITOR,"[MONITOR] [현상] fail 이 있으나 기존 룰로 설명되지 않는 상태입니다.
[과거사례] 참고할 수 있는 과거 사례가 없습니다. 
 [점검제안] 기존 signature 로 설명되지 않는 fail — 발화 사유(단위/limit/표본/조건)를 확인하고 새 불량유형 후보로 검토"
NORMAL_012_376,4,normal,1,,not_fire,spread_norm,0.0332,0.0319,UNKNOWN,UNKNOWN,,,,,MONITOR,"[MONITOR] [현상] fail 이 있으나 기존 룰로 설명되지 않는 상태입니다.
[과거사례] 참고할 수 있는 과거 사례가 없습니다. 
 [점검제안] 기존 signature 로 설명되지 않는 fail — 발화 사유(단위/limit/표본/조건)를 확인하고 새 불량유형 후보로 검토"
NORMAL_014_378,4,normal,1,,not_fire,spread_norm,0.0465,0.0464,UNKNOWN,UNKNOWN,,,,,MONITOR,"[MONITOR] [현상] fail 이 있으나 기존 룰로 설명되지 않는 상태입니다.
[과거사례] 참고할 수 있는 과거 사례가 없습니다. 
 [점검제안] 기존 signature 로 설명되지 않는 fail — 발화 사유(단위/limit/표본/조건)를 확인하고 새 불량유형 후보로 검토"
NORMAL_015_379,4,normal,1,,not_fire,spread_norm,0.0492,0.05,UNKNOWN,UNKNOWN,,,,,MONITOR,"[MONITOR] [현상] fail 이 있으나 기존 룰로 설명되지 않는 상태입니다.
[과거사례] 참고할 수 있는 과거 사례가 없습니다. 
 [점검제안] 기존 signature 로 설명되지 않는 fail — 발화 사유(단위/limit/표본/조건)를 확인하고 새 불량유형 후보로 검토"
NORMAL_018_382,4,normal,1,,not_fire,spread_norm,0.053,0.0494,UNKNOWN,UNKNOWN,,,,,MONITOR,"[MONITOR] [현상] fail 이 있으나 기존 룰로 설명되지 않는 상태입니다.
[과거사례] 참고할 수 있는 과거 사례가 없습니다. 
 [점검제안] 기존 signature 로 설명되지 않는 fail — 발화 사유(단위/limit/표본/조건)를 확인하고 새 불량유형 후보로 검토"
NORMAL_021_385,4,normal,1,,not_fire,spread_norm,0.0627,0.0611,UNKNOWN,UNKNOWN,,,,,MONITOR,"[MONITOR] [현상] fail 이 있으나 기존 룰로 설명되지 않는 상태입니다.
[과거사례] 참고할 수 있는 과거 사례가 없습니다. 
 [점검제안] 기존 signature 로 설명되지 않는 fail — 발화 사유(단위/limit/표본/조건)를 확인하고 새 불량유형 후보로 검토"
NORMAL_025_389,4,normal,1,,not_fire,spread_norm,0.0764,0.0759,UNKNOWN,UNKNOWN,,,,,MONITOR,"[MONITOR] [현상] fail 이 있으나 기존 룰로 설명되지 않는 상태입니다.
[과거사례] 참고할 수 있는 과거 사례가 없습니다. 
 [점검제안] 기존 signature 로 설명되지 않는 fail — 발화 사유(단위/limit/표본/조건)를 확인하고 새 불량유형 후보로 검토"
NORMAL_027_391,4,normal,1,,not_fire,spread_norm,0.0889,0.0887,UNKNOWN,UNKNOWN,,,,,MONITOR,"[MONITOR] [현상] fail 이 있으나 기존 룰로 설명되지 않는 상태입니다.
[과거사례] 참고할 수 있는 과거 사례가 없습니다. 
 [점검제안] 기존 signature 로 설명되지 않는 fail — 발화 사유(단위/limit/표본/조건)를 확인하고 새 불량유형 후보로 검토"
NORMAL_029_393,4,normal,1,,not_fire,spread_norm,0.0355,0.0358,UNKNOWN,UNKNOWN,,,,,MONITOR,"[MONITOR] [현상] fail 이 있으나 기존 룰로 설명되지 않는 상태입니다.
[과거사례] 참고할 수 있는 과거 사례가 없습니다. 
 [점검제안] 기존 signature 로 설명되지 않는 fail — 발화 사유(단위/limit/표본/조건)를 확인하고 새 불량유형 후보로 검토"
NORMAL_033_397,4,normal,1,,not_fire,spread_norm,0.0305,0.0313,UNKNOWN,UNKNOWN,,,,,MONITOR,"[MONITOR] [현상] fail 이 있으나 기존 룰로 설명되지 않는 상태입니다.
[과거사례] 참고할 수 있는 과거 사례가 없습니다. 
 [점검제안] 기존 signature 로 설명되지 않는 fail — 발화 사유(단위/limit/표본/조건)를 확인하고 새 불량유형 후보로 검토"
NORMAL_034_398,4,normal,1,,not_fire,spread_norm,0.0435,0.0438,UNKNOWN,UNKNOWN,,,,,MONITOR,"[MONITOR] [현상] fail 이 있으나 기존 룰로 설명되지 않는 상태입니다.
[과거사례] 참고할 수 있는 과거 사례가 없습니다. 
 [점검제안] 기존 signature 로 설명되지 않는 fail — 발화 사유(단위/limit/표본/조건)를 확인하고 새 불량유형 후보로 검토"
NORMAL_038_402,4,normal,1,,not_fire,spread_norm,0.0846,0.0855,UNKNOWN,UNKNOWN,,,,,MONITOR,"[MONITOR] [현상] fail 이 있으나 기존 룰로 설명되지 않는 상태입니다.
[과거사례] 참고할 수 있는 과거 사례가 없습니다. 
 [점검제안] 기존 signature 로 설명되지 않는 fail — 발화 사유(단위/limit/표본/조건)를 확인하고 새 불량유형 후보로 검토"
NORMAL_039_403,4,normal,1,,not_fire,spread_norm,0.0398,0.0393,UNKNOWN,UNKNOWN,,,,,MONITOR,"[MONITOR] [현상] fail 이 있으나 기존 룰로 설명되지 않는 상태입니다.
[과거사례] 참고할 수 있는 과거 사례가 없습니다. 
 [점검제안] 기존 signature 로 설명되지 않는 fail — 발화 사유(단위/limit/표본/조건)를 확인하고 새 불량유형 후보로 검토"
NORMAL_042_406,4,normal,1,,not_fire,spread_norm,0.0379,0.0393,UNKNOWN,UNKNOWN,,,,,MONITOR,"[MONITOR] [현상] fail 이 있으나 기존 룰로 설명되지 않는 상태입니다.
[과거사례] 참고할 수 있는 과거 사례가 없습니다. 
 [점검제안] 기존 signature 로 설명되지 않는 fail — 발화 사유(단위/limit/표본/조건)를 확인하고 새 불량유형 후보로 검토"
NORMAL_043_407,4,normal,1,,not_fire,spread_norm,0.0783,0.0767,UNKNOWN,UNKNOWN,,,,,MONITOR,"[MONITOR] [현상] fail 이 있으나 기존 룰로 설명되지 않는 상태입니다.
[과거사례] 참고할 수 있는 과거 사례가 없습니다. 
 [점검제안] 기존 signature 로 설명되지 않는 fail — 발화 사유(단위/limit/표본/조건)를 확인하고 새 불량유형 후보로 검토"
NORMAL_044_408,4,normal,1,,not_fire,spread_norm,0.0586,0.0594,UNKNOWN,UNKNOWN,,,,,MONITOR,"[MONITOR] [현상] fail 이 있으나 기존 룰로 설명되지 않는 상태입니다.
[과거사례] 참고할 수 있는 과거 사례가 없습니다. 
 [점검제안] 기존 signature 로 설명되지 않는 fail — 발화 사유(단위/limit/표본/조건)를 확인하고 새 불량유형 후보로 검토"
NORMAL_046_410,4,normal,1,,not_fire,spread_norm,0.0783,0.0784,UNKNOWN,UNKNOWN,,,,,MONITOR,"[MONITOR] [현상] fail 이 있으나 기존 룰로 설명되지 않는 상태입니다.
[과거사례] 참고할 수 있는 과거 사례가 없습니다. 
 [점검제안] 기존 signature 로 설명되지 않는 fail — 발화 사유(단위/limit/표본/조건)를 확인하고 새 불량유형 후보로 검토"
NORMAL_049_413,4,normal,1,,not_fire,spread_norm,0.0598,0.0583,UNKNOWN,UNKNOWN,,,,,MONITOR,"[MONITOR] [현상] fail 이 있으나 기존 룰로 설명되지 않는 상태입니다.
[과거사례] 참고할 수 있는 과거 사례가 없습니다. 
 [점검제안] 기존 signature 로 설명되지 않는 fail — 발화 사유(단위/limit/표본/조건)를 확인하고 새 불량유형 후보로 검토"
NORMAL_050_414,4,normal,1,,not_fire,spread_norm,0.052,0.0517,UNKNOWN,UNKNOWN,,,,,MONITOR,"[MONITOR] [현상] fail 이 있으나 기존 룰로 설명되지 않는 상태입니다.
[과거사례] 참고할 수 있는 과거 사례가 없습니다. 
 [점검제안] 기존 signature 로 설명되지 않는 fail — 발화 사유(단위/limit/표본/조건)를 확인하고 새 불량유형 후보로 검토"
NORMAL_052_416,4,normal,1,,not_fire,spread_norm,0.0621,0.0625,UNKNOWN,UNKNOWN,,,,,MONITOR,"[MONITOR] [현상] fail 이 있으나 기존 룰로 설명되지 않는 상태입니다.
[과거사례] 참고할 수 있는 과거 사례가 없습니다. 
 [점검제안] 기존 signature 로 설명되지 않는 fail — 발화 사유(단위/limit/표본/조건)를 확인하고 새 불량유형 후보로 검토"
OUTLIER_WARN_L1_010,4,single,1,OUTLIER_WARN,not_fire,outlier_ratio,0.0,0.0,UNKNOWN,UNKNOWN,,,,,MONITOR,"[MONITOR] [현상] fail 이 있으나 기존 룰로 설명되지 않는 상태입니다.
[과거사례] 참고할 수 있는 과거 사례가 없습니다. 
 [점검제안] 기존 signature 로 설명되지 않는 fail — 발화 사유(단위/limit/표본/조건)를 확인하고 새 불량유형 후보로 검토"
OUTLIER_WARN_L2_011,4,single,2,OUTLIER_WARN,fire,outlier_ratio,0.022,0.022,OUTLIER_WARN;HEAVY_TAIL,OUTLIER_WARN;HEAVY_TAIL,,,,HEAVY_TAIL,MINOR,"[MINOR] [현상] outlier 비율이 주의 수준으로 관찰됩니다.
[과거사례] 참고할 수 있는 과거 사례가 없습니다. 
 [점검제안] outlier 비율 주의 수준 — 개별 die 산발 이상 여부 관찰"
OUTLIER_WARN_L3_012,4,single,3,OUTLIER_WARN,fire,outlier_ratio,0.03,0.0302,OUTLIER_WARN;HEAVY_TAIL,OUTLIER_WARN;HEAVY_TAIL,,,,HEAVY_TAIL,MINOR,"[MINOR] [현상] outlier 비율이 주의 수준으로 관찰됩니다.
[과거사례] 참고할 수 있는 과거 사례가 없습니다. 
 [점검제안] outlier 비율 주의 수준 — 개별 die 산발 이상 여부 관찰"
OUTLIER_WARN_L4_013,4,single,4,OUTLIER_WARN,fire,outlier_ratio,0.04,0.04,OUTLIER_WARN;HEAVY_TAIL,OUTLIER_WARN;HEAVY_TAIL,,,,HEAVY_TAIL,MINOR,"[MINOR] [현상] outlier 비율이 주의 수준으로 관찰됩니다.
[과거사례] 참고할 수 있는 과거 사례가 없습니다. 
 [점검제안] outlier 비율 주의 수준 — 개별 die 산발 이상 여부 관찰"
OUTLIER_WARN_L5_014,4,single,5,OUTLIER_WARN,fire,outlier_ratio,0.048,0.0481,OUTLIER_WARN;HEAVY_TAIL,OUTLIER_WARN;HEAVY_TAIL,,,,HEAVY_TAIL,MINOR,"[MINOR] [현상] outlier 비율이 주의 수준으로 관찰됩니다.
[과거사례] 참고할 수 있는 과거 사례가 없습니다. 
 [점검제안] outlier 비율 주의 수준 — 개별 die 산발 이상 여부 관찰"
SEVERE_OUTLIER_L1_005,4,single,1,SEVERE_OUTLIER,not_fire,outlier_ratio,0.0,0.0,UNKNOWN,UNKNOWN,,,,,MONITOR,"[MONITOR] [현상] fail 이 있으나 기존 룰로 설명되지 않는 상태입니다.
[과거사례] 참고할 수 있는 과거 사례가 없습니다. 
 [점검제안] 기존 signature 로 설명되지 않는 fail — 발화 사유(단위/limit/표본/조건)를 확인하고 새 불량유형 후보로 검토"
SEVERE_OUTLIER_L2_006,4,single,2,SEVERE_OUTLIER,fire,outlier_ratio,0.06,0.0599,SEVERE_OUTLIER;HEAVY_TAIL,SEVERE_OUTLIER;HEAVY_TAIL,,,,HEAVY_TAIL,MAJOR,"[MAJOR] [현상] outlier 성 fail 비율이 높게 나타납니다.
[과거사례] 참고할 수 있는 과거 사례가 없습니다. 
 [점검제안] outlier 성 fail 비율 높음 — 개별 die 산발 이상, contact/retest 재현성 확인"
SEVERE_OUTLIER_L3_007,4,single,3,SEVERE_OUTLIER,fire,outlier_ratio,0.1,0.0999,SEVERE_OUTLIER;HEAVY_TAIL,SEVERE_OUTLIER;HEAVY_TAIL,,,,HEAVY_TAIL,MAJOR,"[MAJOR] [현상] outlier 성 fail 비율이 높게 나타납니다.
[과거사례] 참고할 수 있는 과거 사례가 없습니다. 
 [점검제안] outlier 성 fail 비율 높음 — 개별 die 산발 이상, contact/retest 재현성 확인"
SEVERE_OUTLIER_L4_008,4,single,4,SEVERE_OUTLIER,fire,outlier_ratio,0.2,0.2002,SEVERE_OUTLIER,SEVERE_OUTLIER,,,,,MAJOR,"[MAJOR] [현상] outlier 성 fail 비율이 높게 나타납니다.
[과거사례] 참고할 수 있는 과거 사례가 없습니다. 
 [점검제안] outlier 성 fail 비율 높음 — 개별 die 산발 이상, contact/retest 재현성 확인"
SEVERE_OUTLIER_L5_009,4,single,5,SEVERE_OUTLIER,fire,outlier_ratio,0.33,0.3274,SEVERE_OUTLIER,SEVERE_OUTLIER,,,,,MAJOR,"[MAJOR] [현상] outlier 성 fail 비율이 높게 나타납니다.
[과거사례] 참고할 수 있는 과거 사례가 없습니다. 
 [점검제안] outlier 성 fail 비율 높음 — 개별 die 산발 이상, contact/retest 재현성 확인"
SPEC_TOO_TIGHT_L1_015,4,single,1,SPEC_TOO_TIGHT,not_fire,spread_norm,0.1,0.1,UNKNOWN,UNKNOWN,,,,,MONITOR,"[MONITOR] [현상] fail 이 있으나 기존 룰로 설명되지 않는 상태입니다.
[과거사례] 참고할 수 있는 과거 사례가 없습니다. 
 [점검제안] 기존 signature 로 설명되지 않는 fail — 발화 사유(단위/limit/표본/조건)를 확인하고 새 불량유형 후보로 검토"
SPEC_TOO_TIGHT_L2_016,4,single,2,SPEC_TOO_TIGHT,fire,spread_norm,0.13,0.13,SPEC_TOO_TIGHT,SPEC_TOO_TIGHT,,,,,MINOR,"[MINOR] [현상] 산포는 안정적이나 spec margin이 부족한 상태입니다.
[과거사례] 참고할 수 있는 과거 사례가 없습니다. 
 [점검제안] 분포는 양호(좁고·중앙·단봉)한데 cpk 낮음 — spec margin 자체 검토(spec_review)"
SPEC_TOO_TIGHT_L3_017,4,single,3,SPEC_TOO_TIGHT,fire,spread_norm,0.15,0.15,SPEC_TOO_TIGHT,SPEC_TOO_TIGHT,,,,,MINOR,"[MINOR] [현상] 산포는 안정적이나 spec margin이 부족한 상태입니다.
[과거사례] 참고할 수 있는 과거 사례가 없습니다. 
 [점검제안] 분포는 양호(좁고·중앙·단봉)한데 cpk 낮음 — spec margin 자체 검토(spec_review)"
SPEC_TOO_TIGHT_L4_018,4,single,4,SPEC_TOO_TIGHT,fire,spread_norm,0.168,0.168,SPEC_TOO_TIGHT,SPEC_TOO_TIGHT,,,,,MINOR,"[MINOR] [현상] 산포는 안정적이나 spec margin이 부족한 상태입니다.
[과거사례] 참고할 수 있는 과거 사례가 없습니다. 
 [점검제안] 분포는 양호(좁고·중앙·단봉)한데 cpk 낮음 — spec margin 자체 검토(spec_review)"
SPEC_TOO_TIGHT_L5_019,4,single,5,SPEC_TOO_TIGHT,fire,spread_norm,0.175,0.175,SPEC_TOO_TIGHT,SPEC_TOO_TIGHT,,,,,MINOR,"[MINOR] [현상] 산포는 안정적이나 spec margin이 부족한 상태입니다.
[과거사례] 참고할 수 있는 과거 사례가 없습니다. 
 [점검제안] 분포는 양호(좁고·중앙·단봉)한데 cpk 낮음 — spec margin 자체 검토(spec_review)"
WIDE_DISTRIBUTION_L1_000,4,single,1,WIDE_DISTRIBUTION,not_fire,spread_norm,0.11,0.1109,UNKNOWN,UNKNOWN,,,,,MONITOR,"[MONITOR] [현상] fail 이 있으나 기존 룰로 설명되지 않는 상태입니다.
[과거사례] 참고할 수 있는 과거 사례가 없습니다. 
 [점검제안] 기존 signature 로 설명되지 않는 fail — 발화 사유(단위/limit/표본/조건)를 확인하고 새 불량유형 후보로 검토"
WIDE_DISTRIBUTION_L2_001,4,single,2,WIDE_DISTRIBUTION,fire,spread_norm,0.2,0.1959,WIDE_DISTRIBUTION;LOW_CPK,WIDE_DISTRIBUTION;LOW_CPK,,,,LOW_CPK,MAJOR,"[MAJOR] [현상] 산포가 spec 폭 대비 넓게 퍼져 있습니다.
[과거사례] 참고할 수 있는 과거 사례가 없습니다. 
 [점검제안] 산포가 spec 폭 대비 넓음 — 공정 변동 및 site/wafer 조건별 산포 차이 확인"
WIDE_DISTRIBUTION_L3_002,4,single,3,WIDE_DISTRIBUTION,fire,spread_norm,0.3,0.2982,WIDE_DISTRIBUTION;LOW_CPK,WIDE_DISTRIBUTION;LOW_CPK,,,,LOW_CPK,MAJOR,"[MAJOR] [현상] 산포가 spec 폭 대비 넓게 퍼져 있습니다.
[과거사례] 참고할 수 있는 과거 사례가 없습니다. 
 [점검제안] 산포가 spec 폭 대비 넓음 — 공정 변동 및 site/wafer 조건별 산포 차이 확인"
WIDE_DISTRIBUTION_L4_003,4,single,4,WIDE_DISTRIBUTION,fire,spread_norm,0.5,0.4999,WIDE_DISTRIBUTION;LOW_CPK,WIDE_DISTRIBUTION;LOW_CPK,,,,LOW_CPK,MAJOR,"[MAJOR] [현상] 산포가 spec 폭 대비 넓게 퍼져 있습니다.
[과거사례] 참고할 수 있는 과거 사례가 없습니다. 
 [점검제안] 산포가 spec 폭 대비 넓음 — 공정 변동 및 site/wafer 조건별 산포 차이 확인"
WIDE_DISTRIBUTION_L5_004,4,single,5,WIDE_DISTRIBUTION,fire,spread_norm,0.9,0.9167,BIDIR_TAIL;WIDE_DISTRIBUTION;LOW_CPK,WIDE_DISTRIBUTION;LOW_CPK,,,,BIDIR_TAIL;LOW_CPK,MAJOR,"[MAJOR] [현상] 산포가 spec 폭 대비 넓게 퍼져 있습니다.
[과거사례] 참고할 수 있는 과거 사례가 없습니다. 
 [점검제안] 산포가 spec 폭 대비 넓음 — 공정 변동 및 site/wafer 조건별 산포 차이 확인"
GROSS_FAIL_L3_102,4,single,3,GROSS_FAIL,fire,yield,0.35,0.3502,GROSS_FAIL;WAFER_GRADIENT,UNKNOWN,,,,WAFER_GRADIENT,MONITOR,"[MONITOR] [현상] fail 이 있으나 기존 룰로 설명되지 않는 상태입니다.
[과거사례] 참고할 수 있는 과거 사례가 없습니다. 
 [점검제안] 기존 signature 로 설명되지 않는 fail — 발화 사유(단위/limit/표본/조건)를 확인하고 새 불량유형 후보로 검토"
BIDIR_TAIL_L2_031,5,single,2,BIDIR_TAIL,fire,spec_margin_min,0.9,0.8923,BIDIR_TAIL;WIDE_DISTRIBUTION;LOW_CPK,WIDE_DISTRIBUTION;LOW_CPK,,,,WIDE_DISTRIBUTION;LOW_CPK,MAJOR,"[MAJOR] [현상] 산포가 spec 폭 대비 넓게 퍼져 있습니다.
[과거사례] 참고할 수 있는 과거 사례가 없습니다. 
 [점검제안] 산포가 spec 폭 대비 넓음 — 공정 변동 및 site/wafer 조건별 산포 차이 확인"
BIDIR_TAIL_L3_032,5,single,3,BIDIR_TAIL,fire,spec_margin_min,0.6,0.5867,BIDIR_TAIL;WIDE_DISTRIBUTION;LOW_CPK,WIDE_DISTRIBUTION;LOW_CPK,,,,WIDE_DISTRIBUTION;LOW_CPK,MAJOR,"[MAJOR] [현상] 산포가 spec 폭 대비 넓게 퍼져 있습니다.
[과거사례] 참고할 수 있는 과거 사례가 없습니다. 
 [점검제안] 산포가 spec 폭 대비 넓음 — 공정 변동 및 site/wafer 조건별 산포 차이 확인"
BIDIR_TAIL_L4_033,5,single,4,BIDIR_TAIL,fire,spec_margin_min,0.35,0.3441,BIDIR_TAIL;WIDE_DISTRIBUTION;LOW_CPK,WIDE_DISTRIBUTION;LOW_CPK,,,,WIDE_DISTRIBUTION;LOW_CPK,MAJOR,"[MAJOR] [현상] 산포가 spec 폭 대비 넓게 퍼져 있습니다.
[과거사례] 참고할 수 있는 과거 사례가 없습니다. 
 [점검제안] 산포가 spec 폭 대비 넓음 — 공정 변동 및 site/wafer 조건별 산포 차이 확인"
BIDIR_TAIL_L5_034,5,single,5,BIDIR_TAIL,fire,spec_margin_min,0.15,0.1281,BIDIR_TAIL;WIDE_DISTRIBUTION;LOW_CPK,WIDE_DISTRIBUTION;LOW_CPK,,,,WIDE_DISTRIBUTION;LOW_CPK,MAJOR,"[MAJOR] [현상] 산포가 spec 폭 대비 넓게 퍼져 있습니다.
[과거사례] 참고할 수 있는 과거 사례가 없습니다. 
 [점검제안] 산포가 spec 폭 대비 넓음 — 공정 변동 및 site/wafer 조건별 산포 차이 확인"
CODE_RAIL_L1_060,5,single,1,CODE_RAIL,not_fire,code_edge_hit,0.02,0.02,SPEC_TOO_TIGHT,SPEC_TOO_TIGHT,,,,SPEC_TOO_TIGHT,MINOR,"[MINOR] [현상] 산포는 안정적이나 spec margin이 부족한 상태입니다.
[과거사례] 참고할 수 있는 과거 사례가 없습니다. 
 [점검제안] 분포는 양호(좁고·중앙·단봉)한데 cpk 낮음 — spec margin 자체 검토(spec_review)"
CODE_RAIL_L2_061,5,single,2,CODE_RAIL,fire,code_edge_hit,0.07,0.0701,CODE_RAIL;SPEC_TOO_TIGHT,SPEC_TOO_TIGHT,,,,SPEC_TOO_TIGHT,MINOR,"[MINOR] [현상] 산포는 안정적이나 spec margin이 부족한 상태입니다.
[과거사례] 참고할 수 있는 과거 사례가 없습니다. 
 [점검제안] 분포는 양호(좁고·중앙·단봉)한데 cpk 낮음 — spec margin 자체 검토(spec_review)"
CODE_RAIL_L3_062,5,single,3,CODE_RAIL,fire,code_edge_hit,0.15,0.15,CODE_RAIL;SPEC_TOO_TIGHT,SPEC_TOO_TIGHT,,,,SPEC_TOO_TIGHT,MINOR,"[MINOR] [현상] 산포는 안정적이나 spec margin이 부족한 상태입니다.
[과거사례] 참고할 수 있는 과거 사례가 없습니다. 
 [점검제안] 분포는 양호(좁고·중앙·단봉)한데 cpk 낮음 — spec margin 자체 검토(spec_review)"
CODE_RAIL_L4_063,5,single,4,CODE_RAIL,fire,code_edge_hit,0.35,0.3502,CODE_RAIL;WIDE_DISTRIBUTION;LOW_CPK,WIDE_DISTRIBUTION;LOW_CPK,,,,WIDE_DISTRIBUTION;LOW_CPK,MAJOR,"[MAJOR] [현상] 산포가 spec 폭 대비 넓게 퍼져 있습니다.
[과거사례] 참고할 수 있는 과거 사례가 없습니다. 
 [점검제안] 산포가 spec 폭 대비 넓음 — 공정 변동 및 site/wafer 조건별 산포 차이 확인"
CODE_RAIL_L5_064,5,single,5,CODE_RAIL,fire,code_edge_hit,0.6,0.6001,CODE_RAIL;WIDE_DISTRIBUTION;LOW_CPK,WIDE_DISTRIBUTION;LOW_CPK,,,,WIDE_DISTRIBUTION;LOW_CPK,MAJOR,"[MAJOR] [현상] 산포가 spec 폭 대비 넓게 퍼져 있습니다.
[과거사례] 참고할 수 있는 과거 사례가 없습니다. 
 [점검제안] 산포가 spec 폭 대비 넓음 — 공정 변동 및 site/wafer 조건별 산포 차이 확인"
CONSTANT_VALUE_L1_050,5,single,1,CONSTANT_VALUE,not_fire,stdev,0.0,0.0001,UNKNOWN,UNKNOWN,,,,,MONITOR,"[MONITOR] [현상] fail 이 있으나 기존 룰로 설명되지 않는 상태입니다.
[과거사례] 참고할 수 있는 과거 사례가 없습니다. 
 [점검제안] 기존 signature 로 설명되지 않는 fail — 발화 사유(단위/limit/표본/조건)를 확인하고 새 불량유형 후보로 검토"
CONSTANT_VALUE_L2_051,5,single,2,CONSTANT_VALUE,fire,stdev,0.0,0.0,CONSTANT_VALUE,UNKNOWN,,,,,MONITOR,"[MONITOR] [현상] fail 이 있으나 기존 룰로 설명되지 않는 상태입니다.
[과거사례] 참고할 수 있는 과거 사례가 없습니다. 
 [점검제안] 기존 signature 로 설명되지 않는 fail — 발화 사유(단위/limit/표본/조건)를 확인하고 새 불량유형 후보로 검토"
CONSTANT_VALUE_L3_052,5,single,3,CONSTANT_VALUE,fire,stdev,0.0,0.0,CONSTANT_VALUE,UNKNOWN,,,,,MONITOR,"[MONITOR] [현상] fail 이 있으나 기존 룰로 설명되지 않는 상태입니다.
[과거사례] 참고할 수 있는 과거 사례가 없습니다. 
 [점검제안] 기존 signature 로 설명되지 않는 fail — 발화 사유(단위/limit/표본/조건)를 확인하고 새 불량유형 후보로 검토"
CONSTANT_VALUE_L4_053,5,single,4,CONSTANT_VALUE,fire,stdev,0.0,0.0,CONSTANT_VALUE,UNKNOWN,,,,,MONITOR,"[MONITOR] [현상] fail 이 있으나 기존 룰로 설명되지 않는 상태입니다.
[과거사례] 참고할 수 있는 과거 사례가 없습니다. 
 [점검제안] 기존 signature 로 설명되지 않는 fail — 발화 사유(단위/limit/표본/조건)를 확인하고 새 불량유형 후보로 검토"
CONSTANT_VALUE_L5_054,5,single,5,CONSTANT_VALUE,fire,stdev,0.0,0.0,CONSTANT_VALUE,UNKNOWN,,,,,MONITOR,"[MONITOR] [현상] fail 이 있으나 기존 룰로 설명되지 않는 상태입니다.
[과거사례] 참고할 수 있는 과거 사례가 없습니다. 
 [점검제안] 기존 signature 로 설명되지 않는 fail — 발화 사유(단위/limit/표본/조건)를 확인하고 새 불량유형 후보로 검토"
EQUIPMENT_SUSPECT_L1_055,5,single,1,EQUIPMENT_SUSPECT,not_fire,site_cpk_delta,0.2,,UNKNOWN,UNKNOWN,,,,,MONITOR,"[MONITOR] [현상] fail 이 있으나 기존 룰로 설명되지 않는 상태입니다.
[과거사례] 참고할 수 있는 과거 사례가 없습니다. 
 [점검제안] 기존 signature 로 설명되지 않는 fail — 발화 사유(단위/limit/표본/조건)를 확인하고 새 불량유형 후보로 검토"
EQUIPMENT_SUSPECT_L2_056,5,single,2,EQUIPMENT_SUSPECT,fire,site_cpk_delta,0.6,,UNKNOWN,UNKNOWN,,,,,MONITOR,"[MONITOR] [현상] fail 이 있으나 기존 룰로 설명되지 않는 상태입니다.
[과거사례] 참고할 수 있는 과거 사례가 없습니다. 
 [점검제안] 기존 signature 로 설명되지 않는 fail — 발화 사유(단위/limit/표본/조건)를 확인하고 새 불량유형 후보로 검토"
EQUIPMENT_SUSPECT_L3_057,5,single,3,EQUIPMENT_SUSPECT,fire,site_cpk_delta,1.0,,UNKNOWN,UNKNOWN,,,,,MONITOR,"[MONITOR] [현상] fail 이 있으나 기존 룰로 설명되지 않는 상태입니다.
[과거사례] 참고할 수 있는 과거 사례가 없습니다. 
 [점검제안] 기존 signature 로 설명되지 않는 fail — 발화 사유(단위/limit/표본/조건)를 확인하고 새 불량유형 후보로 검토"
EQUIPMENT_SUSPECT_L4_058,5,single,4,EQUIPMENT_SUSPECT,fire,site_cpk_delta,2.0,,HEAVY_TAIL,HEAVY_TAIL,,,,HEAVY_TAIL,MINOR,"[MINOR] [현상] 분포 꼬리가 두껍게 나타납니다.
[과거사례] 참고할 수 있는 과거 사례가 없습니다. 
 [점검제안] 분포 꼬리가 두꺼움(간헐 spike) — 산발 이상치 원인(contact/노이즈) 관찰"
EQUIPMENT_SUSPECT_L5_059,5,single,5,EQUIPMENT_SUSPECT,fire,site_cpk_delta,4.0,,OUTLIER_WARN;SPEC_TOO_TIGHT;HEAVY_TAIL,OUTLIER_WARN;SPEC_TOO_TIGHT;HEAVY_TAIL,,,,OUTLIER_WARN;SPEC_TOO_TIGHT;HEAVY_TAIL,MINOR,"[MINOR] [현상] outlier 비율이 주의 수준으로 관찰됩니다.
[과거사례] 참고할 수 있는 과거 사례가 없습니다. 
 [점검제안] outlier 비율 주의 수준 — 개별 die 산발 이상 여부 관찰"
HEAVY_TAIL_L1_035,5,single,1,HEAVY_TAIL,not_fire,kurtosis,1.0,1.0,UNKNOWN,UNKNOWN,,,,,MONITOR,"[MONITOR] [현상] fail 이 있으나 기존 룰로 설명되지 않는 상태입니다.
[과거사례] 참고할 수 있는 과거 사례가 없습니다. 
 [점검제안] 기존 signature 로 설명되지 않는 fail — 발화 사유(단위/limit/표본/조건)를 확인하고 새 불량유형 후보로 검토"
HEAVY_TAIL_L2_036,5,single,2,HEAVY_TAIL,fire,kurtosis,2.5,2.5,HEAVY_TAIL,HEAVY_TAIL,,,,,MINOR,"[MINOR] [현상] 분포 꼬리가 두껍게 나타납니다.
[과거사례] 참고할 수 있는 과거 사례가 없습니다. 
 [점검제안] 분포 꼬리가 두꺼움(간헐 spike) — 산발 이상치 원인(contact/노이즈) 관찰"
HEAVY_TAIL_L3_037,5,single,3,HEAVY_TAIL,fire,kurtosis,5.0,5.0,HEAVY_TAIL,HEAVY_TAIL,,,,,MINOR,"[MINOR] [현상] 분포 꼬리가 두껍게 나타납니다.
[과거사례] 참고할 수 있는 과거 사례가 없습니다. 
 [점검제안] 분포 꼬리가 두꺼움(간헐 spike) — 산발 이상치 원인(contact/노이즈) 관찰"
HEAVY_TAIL_L4_038,5,single,4,HEAVY_TAIL,fire,kurtosis,15.0,15.0,HEAVY_TAIL,HEAVY_TAIL,,,,,MINOR,"[MINOR] [현상] 분포 꼬리가 두껍게 나타납니다.
[과거사례] 참고할 수 있는 과거 사례가 없습니다. 
 [점검제안] 분포 꼬리가 두꺼움(간헐 spike) — 산발 이상치 원인(contact/노이즈) 관찰"
HEAVY_TAIL_L5_039,5,single,5,HEAVY_TAIL,fire,kurtosis,40.0,40.0,HEAVY_TAIL,HEAVY_TAIL,,,,,MINOR,"[MINOR] [현상] 분포 꼬리가 두껍게 나타납니다.
[과거사례] 참고할 수 있는 과거 사례가 없습니다. 
 [점검제안] 분포 꼬리가 두꺼움(간헐 spike) — 산발 이상치 원인(contact/노이즈) 관찰"
LOW_SAMPLE_UNCERTAIN_L1_070,5,single,1,LOW_SAMPLE_UNCERTAIN,not_fire,n_dut,40,40,,,,,,,,
LOW_SAMPLE_UNCERTAIN_L2_071,5,single,2,LOW_SAMPLE_UNCERTAIN,fire,n_dut,19,19,LOW_SAMPLE_UNCERTAIN,,,,,,,
LOW_SAMPLE_UNCERTAIN_L3_072,5,single,3,LOW_SAMPLE_UNCERTAIN,fire,n_dut,12,12,LOW_SAMPLE_UNCERTAIN,,,,,,,
LOW_SAMPLE_UNCERTAIN_L4_073,5,single,4,LOW_SAMPLE_UNCERTAIN,fire,n_dut,6,6,LOW_SAMPLE_UNCERTAIN,,,,,,,
LOW_SAMPLE_UNCERTAIN_L5_074,5,single,5,LOW_SAMPLE_UNCERTAIN,fire,n_dut,2,2,LOW_SAMPLE_UNCERTAIN,,,,,,,
MISSING_LIMIT_L1_065,5,single,1,MISSING_LIMIT,not_fire,limit_missing,0,0,UNKNOWN,UNKNOWN,,,,,MONITOR,"[MONITOR] [현상] fail 이 있으나 기존 룰로 설명되지 않는 상태입니다.
[과거사례] 참고할 수 있는 과거 사례가 없습니다. 
 [점검제안] 기존 signature 로 설명되지 않는 fail — 발화 사유(단위/limit/표본/조건)를 확인하고 새 불량유형 후보로 검토"
MISSING_LIMIT_L2_066,5,single,2,MISSING_LIMIT,fire,limit_missing,1,1,MISSING_LIMIT,UNKNOWN,,,,,MONITOR,"[MONITOR] [현상] fail 이 있으나 기존 룰로 설명되지 않는 상태입니다.
[과거사례] 참고할 수 있는 과거 사례가 없습니다. 
 [점검제안] 기존 signature 로 설명되지 않는 fail — 발화 사유(단위/limit/표본/조건)를 확인하고 새 불량유형 후보로 검토"
MISSING_LIMIT_L3_067,5,single,3,MISSING_LIMIT,fire,limit_missing,1,1,MISSING_LIMIT,UNKNOWN,,,,,MONITOR,"[MONITOR] [현상] fail 이 있으나 기존 룰로 설명되지 않는 상태입니다.
[과거사례] 참고할 수 있는 과거 사례가 없습니다. 
 [점검제안] 기존 signature 로 설명되지 않는 fail — 발화 사유(단위/limit/표본/조건)를 확인하고 새 불량유형 후보로 검토"
MISSING_LIMIT_L4_068,5,single,4,MISSING_LIMIT,fire,limit_missing,1,1,MISSING_LIMIT,UNKNOWN,,,,,MONITOR,"[MONITOR] [현상] fail 이 있으나 기존 룰로 설명되지 않는 상태입니다.
[과거사례] 참고할 수 있는 과거 사례가 없습니다. 
 [점검제안] 기존 signature 로 설명되지 않는 fail — 발화 사유(단위/limit/표본/조건)를 확인하고 새 불량유형 후보로 검토"
MISSING_LIMIT_L5_069,5,single,5,MISSING_LIMIT,fire,limit_missing,1,1,MISSING_LIMIT,UNKNOWN,,,,,MONITOR,"[MONITOR] [현상] fail 이 있으나 기존 룰로 설명되지 않는 상태입니다.
[과거사례] 참고할 수 있는 과거 사례가 없습니다. 
 [점검제안] 기존 signature 로 설명되지 않는 fail — 발화 사유(단위/limit/표본/조건)를 확인하고 새 불량유형 후보로 검토"
MIX2_MEANSHIFT-OUTWARN_L1_115,5,combo,1,MEAN_SHIFT;OUTLIER_WARN,not_fire,(조합),,,UNKNOWN,UNKNOWN,,,,,MONITOR,"[MONITOR] [현상] fail 이 있으나 기존 룰로 설명되지 않는 상태입니다.
[과거사례] 참고할 수 있는 과거 사례가 없습니다. 
 [점검제안] 기존 signature 로 설명되지 않는 fail — 발화 사유(단위/limit/표본/조건)를 확인하고 새 불량유형 후보로 검토"
MIX2_MEANSHIFT-OUTWARN_L2_116,5,combo,2,MEAN_SHIFT;OUTLIER_WARN,fire,(조합),,,OUTLIER_WARN;MEAN_SHIFT;HEAVY_TAIL,OUTLIER_WARN;MEAN_SHIFT;HEAVY_TAIL,,,,HEAVY_TAIL,MINOR,"[MINOR] [현상] outlier 비율이 주의 수준으로 관찰됩니다.
[과거사례] 참고할 수 있는 과거 사례가 없습니다. 
 [점검제안] outlier 비율 주의 수준 — 개별 die 산발 이상 여부 관찰"
MIX2_MEANSHIFT-OUTWARN_L3_117,5,combo,3,MEAN_SHIFT;OUTLIER_WARN,fire,(조합),,,OUTLIER_WARN;MEAN_SHIFT;HEAVY_TAIL,OUTLIER_WARN;MEAN_SHIFT;HEAVY_TAIL,,,,HEAVY_TAIL,MINOR,"[MINOR] [현상] outlier 비율이 주의 수준으로 관찰됩니다.
[과거사례] 참고할 수 있는 과거 사례가 없습니다. 
 [점검제안] outlier 비율 주의 수준 — 개별 die 산발 이상 여부 관찰"
MIX2_MEANSHIFT-OUTWARN_L4_118,5,combo,4,MEAN_SHIFT;OUTLIER_WARN,fire,(조합),,,LOW_CPK;OUTLIER_WARN;MEAN_SHIFT;HEAVY_TAIL,LOW_CPK;OUTLIER_WARN;MEAN_SHIFT;HEAVY_TAIL,,,,LOW_CPK;HEAVY_TAIL,MAJOR,"[MAJOR] [현상] 공정능력지수(Cpk)가 기준(1.33) 미달입니다.
[과거사례] 참고할 수 있는 과거 사례가 없습니다. 
 [점검제안] 공정능력지수 미달(cpk<1.33) — 산포/센터링 근본 점검"
MIX2_MEANSHIFT-OUTWARN_L5_119,5,combo,5,MEAN_SHIFT;OUTLIER_WARN,fire,(조합),,,LOW_CPK;OUTLIER_WARN;MEAN_SHIFT;HEAVY_TAIL,LOW_CPK;OUTLIER_WARN;MEAN_SHIFT;HEAVY_TAIL,,,,LOW_CPK;HEAVY_TAIL,MAJOR,"[MAJOR] [현상] 공정능력지수(Cpk)가 기준(1.33) 미달입니다.
[과거사례] 참고할 수 있는 과거 사례가 없습니다. 
 [점검제안] 공정능력지수 미달(cpk<1.33) — 산포/센터링 근본 점검"
MIX2_WIDE-SEVOUT_L1_105,5,combo,1,WIDE_DISTRIBUTION;SEVERE_OUTLIER,not_fire,(조합),,,UNKNOWN,UNKNOWN,,,,,MONITOR,"[MONITOR] [현상] fail 이 있으나 기존 룰로 설명되지 않는 상태입니다.
[과거사례] 참고할 수 있는 과거 사례가 없습니다. 
 [점검제안] 기존 signature 로 설명되지 않는 fail — 발화 사유(단위/limit/표본/조건)를 확인하고 새 불량유형 후보로 검토"
MIX2_WIDE-SEVOUT_L2_106,5,combo,2,WIDE_DISTRIBUTION;SEVERE_OUTLIER,fire,(조합),,,SEVERE_OUTLIER;WIDE_DISTRIBUTION;BIDIR_TAIL;LOW_CPK;HEAVY_TAIL,SEVERE_OUTLIER;WIDE_DISTRIBUTION;LOW_CPK;HEAVY_TAIL,,,,BIDIR_TAIL;LOW_CPK;HEAVY_TAIL,MAJOR,"[MAJOR] [현상] outlier 성 fail 비율이 높게 나타납니다.
[과거사례] 참고할 수 있는 과거 사례가 없습니다. 
 [점검제안] outlier 성 fail 비율 높음 — 개별 die 산발 이상, contact/retest 재현성 확인"
MIX2_WIDE-SEVOUT_L3_107,5,combo,3,WIDE_DISTRIBUTION;SEVERE_OUTLIER,fire,(조합),,,SEVERE_OUTLIER;WIDE_DISTRIBUTION;BIDIR_TAIL;LOW_CPK;HEAVY_TAIL,SEVERE_OUTLIER;WIDE_DISTRIBUTION;LOW_CPK;HEAVY_TAIL,,,,BIDIR_TAIL;LOW_CPK;HEAVY_TAIL,MAJOR,"[MAJOR] [현상] outlier 성 fail 비율이 높게 나타납니다.
[과거사례] 참고할 수 있는 과거 사례가 없습니다. 
 [점검제안] outlier 성 fail 비율 높음 — 개별 die 산발 이상, contact/retest 재현성 확인"
MIX2_WIDE-SEVOUT_L4_108,5,combo,4,WIDE_DISTRIBUTION;SEVERE_OUTLIER,fire,(조합),,,SEVERE_OUTLIER;WIDE_DISTRIBUTION;BIDIR_TAIL;LOW_CPK,SEVERE_OUTLIER;WIDE_DISTRIBUTION;LOW_CPK,,,,BIDIR_TAIL;LOW_CPK,MAJOR,"[MAJOR] [현상] outlier 성 fail 비율이 높게 나타납니다.
[과거사례] 참고할 수 있는 과거 사례가 없습니다. 
 [점검제안] outlier 성 fail 비율 높음 — 개별 die 산발 이상, contact/retest 재현성 확인"
MIX2_WIDE-SEVOUT_L5_109,5,combo,5,WIDE_DISTRIBUTION;SEVERE_OUTLIER,fire,(조합),,,SEVERE_OUTLIER;WIDE_DISTRIBUTION;BIDIR_TAIL;LOW_CPK,SEVERE_OUTLIER;WIDE_DISTRIBUTION;LOW_CPK,,,,BIDIR_TAIL;LOW_CPK,MAJOR,"[MAJOR] [현상] outlier 성 fail 비율이 높게 나타납니다.
[과거사례] 참고할 수 있는 과거 사례가 없습니다. 
 [점검제안] outlier 성 fail 비율 높음 — 개별 die 산발 이상, contact/retest 재현성 확인"
MIX2_WIDE-SUBPOP_L1_110,5,combo,1,WIDE_DISTRIBUTION;SUBPOP_GAP,not_fire,(조합),,,UNKNOWN,UNKNOWN,,,,,MONITOR,"[MONITOR] [현상] fail 이 있으나 기존 룰로 설명되지 않는 상태입니다.
[과거사례] 참고할 수 있는 과거 사례가 없습니다. 
 [점검제안] 기존 signature 로 설명되지 않는 fail — 발화 사유(단위/limit/표본/조건)를 확인하고 새 불량유형 후보로 검토"
MIX2_WIDE-SUBPOP_L2_111,5,combo,2,WIDE_DISTRIBUTION;SUBPOP_GAP,fire,(조합),,,BIDIR_TAIL;WIDE_DISTRIBUTION;LOW_CPK;SUBPOP_GAP,WIDE_DISTRIBUTION;LOW_CPK;SUBPOP_GAP,,,,BIDIR_TAIL;LOW_CPK,MAJOR,"[MAJOR][이봉] [현상] 산포가 spec 폭 대비 넓게 퍼져 있습니다.
[과거사례] 참고할 수 있는 과거 사례가 없습니다. 
 [점검제안] 산포가 spec 폭 대비 넓음 — 공정 변동 및 site/wafer 조건별 산포 차이 확인"
MIX2_WIDE-SUBPOP_L3_112,5,combo,3,WIDE_DISTRIBUTION;SUBPOP_GAP,fire,(조합),,,BIDIR_TAIL;WIDE_DISTRIBUTION;LOW_CPK;SUBPOP_GAP,WIDE_DISTRIBUTION;LOW_CPK;SUBPOP_GAP,,,,BIDIR_TAIL;LOW_CPK,MAJOR,"[MAJOR][이봉] [현상] 산포가 spec 폭 대비 넓게 퍼져 있습니다.
[과거사례] 참고할 수 있는 과거 사례가 없습니다. 
 [점검제안] 산포가 spec 폭 대비 넓음 — 공정 변동 및 site/wafer 조건별 산포 차이 확인"
MIX2_WIDE-SUBPOP_L4_113,5,combo,4,WIDE_DISTRIBUTION;SUBPOP_GAP,fire,(조합),,,BIDIR_TAIL;WIDE_DISTRIBUTION;LOW_CPK;SUBPOP_GAP,WIDE_DISTRIBUTION;LOW_CPK;SUBPOP_GAP,,,,BIDIR_TAIL;LOW_CPK,MAJOR,"[MAJOR][이봉] [현상] 산포가 spec 폭 대비 넓게 퍼져 있습니다.
[과거사례] 참고할 수 있는 과거 사례가 없습니다. 
 [점검제안] 산포가 spec 폭 대비 넓음 — 공정 변동 및 site/wafer 조건별 산포 차이 확인"
MIX2_WIDE-SUBPOP_L5_114,5,combo,5,WIDE_DISTRIBUTION;SUBPOP_GAP,fire,(조합),,,BIDIR_TAIL;WIDE_DISTRIBUTION;LOW_CPK;SUBPOP_GAP,WIDE_DISTRIBUTION;LOW_CPK;SUBPOP_GAP,,,,BIDIR_TAIL;LOW_CPK,MAJOR,"[MAJOR][다봉] [현상] 산포가 spec 폭 대비 넓게 퍼져 있습니다.
[과거사례] 참고할 수 있는 과거 사례가 없습니다. 
 [점검제안] 산포가 spec 폭 대비 넓음 — 공정 변동 및 site/wafer 조건별 산포 차이 확인"
SUBPOP_GAP_L1_040,5,single,1,SUBPOP_GAP,not_fire,density_gap,,0.0,UNKNOWN,UNKNOWN,,,,,MONITOR,"[MONITOR] [현상] fail 이 있으나 기존 룰로 설명되지 않는 상태입니다.
[과거사례] 참고할 수 있는 과거 사례가 없습니다. 
 [점검제안] 기존 signature 로 설명되지 않는 fail — 발화 사유(단위/limit/표본/조건)를 확인하고 새 불량유형 후보로 검토"
SUBPOP_GAP_L2_041,5,single,2,SUBPOP_GAP,fire,density_gap,,0.7254,WIDE_DISTRIBUTION;LOW_CPK;SUBPOP_GAP,WIDE_DISTRIBUTION;LOW_CPK;SUBPOP_GAP,,,,WIDE_DISTRIBUTION;LOW_CPK,MAJOR,"[MAJOR][이봉] [현상] 산포가 spec 폭 대비 넓게 퍼져 있습니다.
[과거사례] 참고할 수 있는 과거 사례가 없습니다. 
 [점검제안] 산포가 spec 폭 대비 넓음 — 공정 변동 및 site/wafer 조건별 산포 차이 확인"
SUBPOP_GAP_L3_042,5,single,3,SUBPOP_GAP,fire,density_gap,,0.8618,WIDE_DISTRIBUTION;LOW_CPK;SUBPOP_GAP,WIDE_DISTRIBUTION;LOW_CPK;SUBPOP_GAP,,,,WIDE_DISTRIBUTION;LOW_CPK,MAJOR,"[MAJOR][이봉] [현상] 산포가 spec 폭 대비 넓게 퍼져 있습니다.
[과거사례] 참고할 수 있는 과거 사례가 없습니다. 
 [점검제안] 산포가 spec 폭 대비 넓음 — 공정 변동 및 site/wafer 조건별 산포 차이 확인"
SUBPOP_GAP_L4_043,5,single,4,SUBPOP_GAP,fire,density_gap,,0.8708,WIDE_DISTRIBUTION;LOW_CPK;SUBPOP_GAP,WIDE_DISTRIBUTION;LOW_CPK;SUBPOP_GAP,,,,WIDE_DISTRIBUTION;LOW_CPK,MAJOR,"[MAJOR][이봉] [현상] 산포가 spec 폭 대비 넓게 퍼져 있습니다.
[과거사례] 참고할 수 있는 과거 사례가 없습니다. 
 [점검제안] 산포가 spec 폭 대비 넓음 — 공정 변동 및 site/wafer 조건별 산포 차이 확인"
SUBPOP_GAP_L5_044,5,single,5,SUBPOP_GAP,fire,density_gap,,0.9446,WIDE_DISTRIBUTION;LOW_CPK;SUBPOP_GAP,WIDE_DISTRIBUTION;LOW_CPK;SUBPOP_GAP,,,,WIDE_DISTRIBUTION;LOW_CPK,MAJOR,"[MAJOR][다봉] [현상] 산포가 spec 폭 대비 넓게 퍼져 있습니다.
[과거사례] 참고할 수 있는 과거 사례가 없습니다. 
 [점검제안] 산포가 spec 폭 대비 넓음 — 공정 변동 및 site/wafer 조건별 산포 차이 확인"
TAIL_RISK_L1_045,5,single,1,TAIL_RISK,not_fire,skewness,0.05,0.05,SPEC_TOO_TIGHT,SPEC_TOO_TIGHT,,,,SPEC_TOO_TIGHT,MINOR,"[MINOR] [현상] 산포는 안정적이나 spec margin이 부족한 상태입니다.
[과거사례] 참고할 수 있는 과거 사례가 없습니다. 
 [점검제안] 분포는 양호(좁고·중앙·단봉)한데 cpk 낮음 — spec margin 자체 검토(spec_review)"
TAIL_RISK_L2_046,5,single,2,TAIL_RISK,fire,skewness,0.15,0.15,WIDE_DISTRIBUTION;LOW_CPK,WIDE_DISTRIBUTION;LOW_CPK,,,,WIDE_DISTRIBUTION;LOW_CPK,MAJOR,"[MAJOR] [현상] 산포가 spec 폭 대비 넓게 퍼져 있습니다.
[과거사례] 참고할 수 있는 과거 사례가 없습니다. 
 [점검제안] 산포가 spec 폭 대비 넓음 — 공정 변동 및 site/wafer 조건별 산포 차이 확인"
TAIL_RISK_L3_047,5,single,3,TAIL_RISK,fire,skewness,0.25,0.25,WIDE_DISTRIBUTION;LOW_CPK,WIDE_DISTRIBUTION;LOW_CPK,,,,WIDE_DISTRIBUTION;LOW_CPK,MAJOR,"[MAJOR] [현상] 산포가 spec 폭 대비 넓게 퍼져 있습니다.
[과거사례] 참고할 수 있는 과거 사례가 없습니다. 
 [점검제안] 산포가 spec 폭 대비 넓음 — 공정 변동 및 site/wafer 조건별 산포 차이 확인"
TAIL_RISK_L4_048,5,single,4,TAIL_RISK,fire,skewness,0.35,0.35,WIDE_DISTRIBUTION;LOW_CPK,WIDE_DISTRIBUTION;LOW_CPK,,,,WIDE_DISTRIBUTION;LOW_CPK,MAJOR,"[MAJOR] [현상] 산포가 spec 폭 대비 넓게 퍼져 있습니다.
[과거사례] 참고할 수 있는 과거 사례가 없습니다. 
 [점검제안] 산포가 spec 폭 대비 넓음 — 공정 변동 및 site/wafer 조건별 산포 차이 확인"
TAIL_RISK_L5_049,5,single,5,TAIL_RISK,fire,skewness,0.45,0.45,SEVERE_OUTLIER;WIDE_DISTRIBUTION;LOW_CPK;MEAN_SHIFT,SEVERE_OUTLIER;WIDE_DISTRIBUTION;LOW_CPK;MEAN_SHIFT,,,,SEVERE_OUTLIER;WIDE_DISTRIBUTION;LOW_CPK;MEAN_SHIFT,MAJOR,"[MAJOR] [현상] outlier 성 fail 비율이 높게 나타납니다.
[과거사례] 참고할 수 있는 과거 사례가 없습니다. 
 [점검제안] outlier 성 fail 비율 높음 — 개별 die 산발 이상, contact/retest 재현성 확인"
MIX2_GROSS-WIDE_L3_172,5,combo,3,GROSS_FAIL;WIDE_DISTRIBUTION,fire,(조합),,,GROSS_FAIL;WIDE_DISTRIBUTION;LOW_CPK;WAFER_GRADIENT,WIDE_DISTRIBUTION;LOW_CPK,,,,LOW_CPK;WAFER_GRADIENT,CRITICAL,"[CRITICAL] [현상] 산포가 spec 폭 대비 넓게 퍼져 있습니다.
[과거사례] 참고할 수 있는 과거 사례가 없습니다. 
 [점검제안] 산포가 spec 폭 대비 넓음 — 공정 변동 및 site/wafer 조건별 산포 차이 확인"
MIX2_CODERAIL-MEANSHIFT_L1_145,6,combo,1,CODE_RAIL;MEAN_SHIFT,not_fire,(조합),,,HEAVY_TAIL;SPEC_TOO_TIGHT,HEAVY_TAIL;SPEC_TOO_TIGHT,,,,HEAVY_TAIL;SPEC_TOO_TIGHT,MINOR,"[MINOR] [현상] 분포 꼬리가 두껍게 나타납니다.
[과거사례] 참고할 수 있는 과거 사례가 없습니다. 
 [점검제안] 분포 꼬리가 두꺼움(간헐 spike) — 산발 이상치 원인(contact/노이즈) 관찰"
MIX2_CODERAIL-MEANSHIFT_L2_146,6,combo,2,CODE_RAIL;MEAN_SHIFT,fire,(조합),,,CODE_RAIL;OUTLIER_WARN;LOW_CPK;MEAN_SHIFT;HEAVY_TAIL,LOW_CPK;OUTLIER_WARN;MEAN_SHIFT;HEAVY_TAIL,,,,OUTLIER_WARN;LOW_CPK;HEAVY_TAIL,MAJOR,"[MAJOR] [현상] 공정능력지수(Cpk)가 기준(1.33) 미달입니다.
[과거사례] 참고할 수 있는 과거 사례가 없습니다. 
 [점검제안] 공정능력지수 미달(cpk<1.33) — 산포/센터링 근본 점검"
MIX2_CODERAIL-MEANSHIFT_L3_147,6,combo,3,CODE_RAIL;MEAN_SHIFT,fire,(조합),,,CODE_RAIL;SEVERE_OUTLIER;LOW_CPK;MEAN_SHIFT;HEAVY_TAIL,SEVERE_OUTLIER;LOW_CPK;MEAN_SHIFT;HEAVY_TAIL,,,,SEVERE_OUTLIER;LOW_CPK;HEAVY_TAIL,MAJOR,"[MAJOR] [현상] outlier 성 fail 비율이 높게 나타납니다.
[과거사례] 참고할 수 있는 과거 사례가 없습니다. 
 [점검제안] outlier 성 fail 비율 높음 — 개별 die 산발 이상, contact/retest 재현성 확인"
MIX2_CODERAIL-MEANSHIFT_L4_148,6,combo,4,CODE_RAIL;MEAN_SHIFT,fire,(조합),,,CODE_RAIL;WIDE_DISTRIBUTION;LOW_CPK;MEAN_SHIFT,WIDE_DISTRIBUTION;LOW_CPK;MEAN_SHIFT,,,,WIDE_DISTRIBUTION;LOW_CPK,MAJOR,"[MAJOR] [현상] 산포가 spec 폭 대비 넓게 퍼져 있습니다.
[과거사례] 참고할 수 있는 과거 사례가 없습니다. 
 [점검제안] 산포가 spec 폭 대비 넓음 — 공정 변동 및 site/wafer 조건별 산포 차이 확인"
MIX2_CODERAIL-MEANSHIFT_L5_149,6,combo,5,CODE_RAIL;MEAN_SHIFT,fire,(조합),,,CODE_RAIL;SEVERE_OUTLIER;LOW_CPK;MEAN_SHIFT,SEVERE_OUTLIER;LOW_CPK;MEAN_SHIFT,,,,SEVERE_OUTLIER;LOW_CPK,MAJOR,"[MAJOR] [현상] outlier 성 fail 비율이 높게 나타납니다.
[과거사례] 참고할 수 있는 과거 사례가 없습니다. 
 [점검제안] outlier 성 fail 비율 높음 — 개별 die 산발 이상, contact/retest 재현성 확인"
MIX2_MEANSHIFT-HEAVYTAIL_L1_120,6,combo,1,MEAN_SHIFT;HEAVY_TAIL,not_fire,(조합),,,UNKNOWN,UNKNOWN,,,,,MONITOR,"[MONITOR] [현상] fail 이 있으나 기존 룰로 설명되지 않는 상태입니다.
[과거사례] 참고할 수 있는 과거 사례가 없습니다. 
 [점검제안] 기존 signature 로 설명되지 않는 fail — 발화 사유(단위/limit/표본/조건)를 확인하고 새 불량유형 후보로 검토"
MIX2_MEANSHIFT-HEAVYTAIL_L2_121,6,combo,2,MEAN_SHIFT;HEAVY_TAIL,fire,(조합),,,MEAN_SHIFT;HEAVY_TAIL,MEAN_SHIFT;HEAVY_TAIL,,,,,MINOR,"[MINOR] [현상] 분포 중심이 한쪽 spec으로 치우쳐 있습니다.
[과거사례] 참고할 수 있는 과거 사례가 없습니다. 
 [점검제안] 분포 중심이 한쪽 spec 으로 치우침 — offset/센터링 trim 검토"
MIX2_MEANSHIFT-HEAVYTAIL_L3_122,6,combo,3,MEAN_SHIFT;HEAVY_TAIL,fire,(조합),,,MEAN_SHIFT;HEAVY_TAIL,MEAN_SHIFT;HEAVY_TAIL,,,,,MINOR,"[MINOR] [현상] 분포 중심이 한쪽 spec으로 치우쳐 있습니다.
[과거사례] 참고할 수 있는 과거 사례가 없습니다. 
 [점검제안] 분포 중심이 한쪽 spec 으로 치우침 — offset/센터링 trim 검토"
MIX2_MEANSHIFT-HEAVYTAIL_L4_123,6,combo,4,MEAN_SHIFT;HEAVY_TAIL,fire,(조합),,,LOW_CPK;MEAN_SHIFT;HEAVY_TAIL,LOW_CPK;MEAN_SHIFT;HEAVY_TAIL,,,,LOW_CPK,MAJOR,"[MAJOR] [현상] 공정능력지수(Cpk)가 기준(1.33) 미달입니다.
[과거사례] 참고할 수 있는 과거 사례가 없습니다. 
 [점검제안] 공정능력지수 미달(cpk<1.33) — 산포/센터링 근본 점검"
MIX2_MEANSHIFT-HEAVYTAIL_L5_124,6,combo,5,MEAN_SHIFT;HEAVY_TAIL,fire,(조합),,,LOW_CPK;MEAN_SHIFT;HEAVY_TAIL,LOW_CPK;MEAN_SHIFT;HEAVY_TAIL,,,,LOW_CPK,MAJOR,"[MAJOR] [현상] 공정능력지수(Cpk)가 기준(1.33) 미달입니다.
[과거사례] 참고할 수 있는 과거 사례가 없습니다. 
 [점검제안] 공정능력지수 미달(cpk<1.33) — 산포/센터링 근본 점검"
UNITA_MEANSHIFT_L2_204,6,unit_axis,2,MEAN_SHIFT,fire,(조합),,,MEAN_SHIFT,MEAN_SHIFT,,,,,MINOR,"[MINOR] [현상] 분포 중심이 한쪽 spec으로 치우쳐 있습니다.
[과거사례] 참고할 수 있는 과거 사례가 없습니다. 
 [점검제안] 분포 중심이 한쪽 spec 으로 치우침 — offset/센터링 trim 검토"
UNITA_MEANSHIFT_L4_205,6,unit_axis,4,MEAN_SHIFT,fire,(조합),,,MEAN_SHIFT,MEAN_SHIFT,,,,,MINOR,"[MINOR] [현상] 분포 중심이 한쪽 spec으로 치우쳐 있습니다.
[과거사례] 참고할 수 있는 과거 사례가 없습니다. 
 [점검제안] 분포 중심이 한쪽 spec 으로 치우침 — offset/센터링 trim 검토"
UNITA_SEVOUT_L2_200,6,unit_axis,2,SEVERE_OUTLIER,fire,(조합),,,SEVERE_OUTLIER;HEAVY_TAIL,SEVERE_OUTLIER;HEAVY_TAIL,,,,HEAVY_TAIL,MAJOR,"[MAJOR] [현상] outlier 성 fail 비율이 높게 나타납니다.
[과거사례] 참고할 수 있는 과거 사례가 없습니다. 
 [점검제안] outlier 성 fail 비율 높음 — 개별 die 산발 이상, contact/retest 재현성 확인"
UNITA_SEVOUT_L4_201,6,unit_axis,4,SEVERE_OUTLIER,fire,(조합),,,SEVERE_OUTLIER;SPEC_TOO_TIGHT,SEVERE_OUTLIER;SPEC_TOO_TIGHT,,,,SPEC_TOO_TIGHT,MAJOR,"[MAJOR] [현상] outlier 성 fail 비율이 높게 나타납니다.
[과거사례] 참고할 수 있는 과거 사례가 없습니다. 
 [점검제안] outlier 성 fail 비율 높음 — 개별 die 산발 이상, contact/retest 재현성 확인"
UNITA_SPECTIGHT_L2_202,6,unit_axis,2,SPEC_TOO_TIGHT,fire,(조합),,,SPEC_TOO_TIGHT,SPEC_TOO_TIGHT,,,,,MINOR,"[MINOR] [현상] 산포는 안정적이나 spec margin이 부족한 상태입니다.
[과거사례] 참고할 수 있는 과거 사례가 없습니다. 
 [점검제안] 분포는 양호(좁고·중앙·단봉)한데 cpk 낮음 — spec margin 자체 검토(spec_review)"
UNITA_SPECTIGHT_L4_203,6,unit_axis,4,SPEC_TOO_TIGHT,fire,(조합),,,SPEC_TOO_TIGHT,SPEC_TOO_TIGHT,,,,,MINOR,"[MINOR] [현상] 산포는 안정적이나 spec margin이 부족한 상태입니다.
[과거사례] 참고할 수 있는 과거 사례가 없습니다. 
 [점검제안] 분포는 양호(좁고·중앙·단봉)한데 cpk 낮음 — spec margin 자체 검토(spec_review)"
UNITA_WIDE_L2_198,6,unit_axis,2,WIDE_DISTRIBUTION,fire,(조합),,,WIDE_DISTRIBUTION;LOW_CPK,WIDE_DISTRIBUTION;LOW_CPK,,,,LOW_CPK,MAJOR,"[MAJOR] [현상] 산포가 spec 폭 대비 넓게 퍼져 있습니다.
[과거사례] 참고할 수 있는 과거 사례가 없습니다. 
 [점검제안] 산포가 spec 폭 대비 넓음 — 공정 변동 및 site/wafer 조건별 산포 차이 확인"
UNITA_WIDE_L4_199,6,unit_axis,4,WIDE_DISTRIBUTION,fire,(조합),,,BIDIR_TAIL;WIDE_DISTRIBUTION;LOW_CPK,WIDE_DISTRIBUTION;LOW_CPK,,,,BIDIR_TAIL;LOW_CPK,MAJOR,"[MAJOR] [현상] 산포가 spec 폭 대비 넓게 퍼져 있습니다.
[과거사례] 참고할 수 있는 과거 사례가 없습니다. 
 [점검제안] 산포가 spec 폭 대비 넓음 — 공정 변동 및 site/wafer 조건별 산포 차이 확인"
UNITCODE_MEANSHIFT_L2_236,6,unit_axis,2,MEAN_SHIFT,fire,(조합),,,MEAN_SHIFT,MEAN_SHIFT,,,,,MINOR,"[MINOR] [현상] 분포 중심이 한쪽 spec으로 치우쳐 있습니다.
[과거사례] 참고할 수 있는 과거 사례가 없습니다. 
 [점검제안] 분포 중심이 한쪽 spec 으로 치우침 — offset/센터링 trim 검토"
UNITCODE_MEANSHIFT_L4_237,6,unit_axis,4,MEAN_SHIFT,fire,(조합),,,MEAN_SHIFT,MEAN_SHIFT,,,,,MINOR,"[MINOR] [현상] 분포 중심이 한쪽 spec으로 치우쳐 있습니다.
[과거사례] 참고할 수 있는 과거 사례가 없습니다. 
 [점검제안] 분포 중심이 한쪽 spec 으로 치우침 — offset/센터링 trim 검토"
UNITCODE_SEVOUT_L2_232,6,unit_axis,2,SEVERE_OUTLIER,fire,(조합),,,SEVERE_OUTLIER;HEAVY_TAIL,SEVERE_OUTLIER;HEAVY_TAIL,,,,HEAVY_TAIL,MAJOR,"[MAJOR] [현상] outlier 성 fail 비율이 높게 나타납니다.
[과거사례] 참고할 수 있는 과거 사례가 없습니다. 
 [점검제안] outlier 성 fail 비율 높음 — 개별 die 산발 이상, contact/retest 재현성 확인"
UNITCODE_SEVOUT_L4_233,6,unit_axis,4,SEVERE_OUTLIER,fire,(조합),,,SEVERE_OUTLIER;SPEC_TOO_TIGHT,SEVERE_OUTLIER;SPEC_TOO_TIGHT,,,,SPEC_TOO_TIGHT,MAJOR,"[MAJOR] [현상] outlier 성 fail 비율이 높게 나타납니다.
[과거사례] 참고할 수 있는 과거 사례가 없습니다. 
 [점검제안] outlier 성 fail 비율 높음 — 개별 die 산발 이상, contact/retest 재현성 확인"
UNITCODE_SPECTIGHT_L2_234,6,unit_axis,2,SPEC_TOO_TIGHT,fire,(조합),,,SPEC_TOO_TIGHT,SPEC_TOO_TIGHT,,,,,MINOR,"[MINOR] [현상] 산포는 안정적이나 spec margin이 부족한 상태입니다.
[과거사례] 참고할 수 있는 과거 사례가 없습니다. 
 [점검제안] 분포는 양호(좁고·중앙·단봉)한데 cpk 낮음 — spec margin 자체 검토(spec_review)"
UNITCODE_SPECTIGHT_L4_235,6,unit_axis,4,SPEC_TOO_TIGHT,fire,(조합),,,SPEC_TOO_TIGHT,SPEC_TOO_TIGHT,,,,,MINOR,"[MINOR] [현상] 산포는 안정적이나 spec margin이 부족한 상태입니다.
[과거사례] 참고할 수 있는 과거 사례가 없습니다. 
 [점검제안] 분포는 양호(좁고·중앙·단봉)한데 cpk 낮음 — spec margin 자체 검토(spec_review)"
UNITCODE_WIDE_L2_230,6,unit_axis,2,WIDE_DISTRIBUTION,fire,(조합),,,WIDE_DISTRIBUTION;LOW_CPK,WIDE_DISTRIBUTION;LOW_CPK,,,,LOW_CPK,MAJOR,"[MAJOR] [현상] 산포가 spec 폭 대비 넓게 퍼져 있습니다.
[과거사례] 참고할 수 있는 과거 사례가 없습니다. 
 [점검제안] 산포가 spec 폭 대비 넓음 — 공정 변동 및 site/wafer 조건별 산포 차이 확인"
UNITCODE_WIDE_L4_231,6,unit_axis,4,WIDE_DISTRIBUTION,fire,(조합),,,WIDE_DISTRIBUTION;LOW_CPK,WIDE_DISTRIBUTION;LOW_CPK,,,,LOW_CPK,MAJOR,"[MAJOR] [현상] 산포가 spec 폭 대비 넓게 퍼져 있습니다.
[과거사례] 참고할 수 있는 과거 사례가 없습니다. 
 [점검제안] 산포가 spec 폭 대비 넓음 — 공정 변동 및 site/wafer 조건별 산포 차이 확인"
UNITHz_MEANSHIFT_L2_212,6,unit_axis,2,MEAN_SHIFT,fire,(조합),,,MEAN_SHIFT,MEAN_SHIFT,,,,,MINOR,"[MINOR] [현상] 분포 중심이 한쪽 spec으로 치우쳐 있습니다.
[과거사례] 참고할 수 있는 과거 사례가 없습니다. 
 [점검제안] 분포 중심이 한쪽 spec 으로 치우침 — offset/센터링 trim 검토"
UNITHz_MEANSHIFT_L4_213,6,unit_axis,4,MEAN_SHIFT,fire,(조합),,,MEAN_SHIFT,MEAN_SHIFT,,,,,MINOR,"[MINOR] [현상] 분포 중심이 한쪽 spec으로 치우쳐 있습니다.
[과거사례] 참고할 수 있는 과거 사례가 없습니다. 
 [점검제안] 분포 중심이 한쪽 spec 으로 치우침 — offset/센터링 trim 검토"
UNITHz_SEVOUT_L2_208,6,unit_axis,2,SEVERE_OUTLIER,fire,(조합),,,SEVERE_OUTLIER;HEAVY_TAIL,SEVERE_OUTLIER;HEAVY_TAIL,,,,HEAVY_TAIL,MAJOR,"[MAJOR] [현상] outlier 성 fail 비율이 높게 나타납니다.
[과거사례] 참고할 수 있는 과거 사례가 없습니다. 
 [점검제안] outlier 성 fail 비율 높음 — 개별 die 산발 이상, contact/retest 재현성 확인"
UNITHz_SEVOUT_L4_209,6,unit_axis,4,SEVERE_OUTLIER,fire,(조합),,,SEVERE_OUTLIER;SPEC_TOO_TIGHT,SEVERE_OUTLIER;SPEC_TOO_TIGHT,,,,SPEC_TOO_TIGHT,MAJOR,"[MAJOR] [현상] outlier 성 fail 비율이 높게 나타납니다.
[과거사례] 참고할 수 있는 과거 사례가 없습니다. 
 [점검제안] outlier 성 fail 비율 높음 — 개별 die 산발 이상, contact/retest 재현성 확인"
UNITHz_SPECTIGHT_L2_210,6,unit_axis,2,SPEC_TOO_TIGHT,fire,(조합),,,SPEC_TOO_TIGHT,SPEC_TOO_TIGHT,,,,,MINOR,"[MINOR] [현상] 산포는 안정적이나 spec margin이 부족한 상태입니다.
[과거사례] 참고할 수 있는 과거 사례가 없습니다. 
 [점검제안] 분포는 양호(좁고·중앙·단봉)한데 cpk 낮음 — spec margin 자체 검토(spec_review)"
UNITHz_SPECTIGHT_L4_211,6,unit_axis,4,SPEC_TOO_TIGHT,fire,(조합),,,SPEC_TOO_TIGHT,SPEC_TOO_TIGHT,,,,,MINOR,"[MINOR] [현상] 산포는 안정적이나 spec margin이 부족한 상태입니다.
[과거사례] 참고할 수 있는 과거 사례가 없습니다. 
 [점검제안] 분포는 양호(좁고·중앙·단봉)한데 cpk 낮음 — spec margin 자체 검토(spec_review)"
UNITHz_WIDE_L2_206,6,unit_axis,2,WIDE_DISTRIBUTION,fire,(조합),,,WIDE_DISTRIBUTION;LOW_CPK,WIDE_DISTRIBUTION;LOW_CPK,,,,LOW_CPK,MAJOR,"[MAJOR] [현상] 산포가 spec 폭 대비 넓게 퍼져 있습니다.
[과거사례] 참고할 수 있는 과거 사례가 없습니다. 
 [점검제안] 산포가 spec 폭 대비 넓음 — 공정 변동 및 site/wafer 조건별 산포 차이 확인"
UNITHz_WIDE_L4_207,6,unit_axis,4,WIDE_DISTRIBUTION,fire,(조합),,,WIDE_DISTRIBUTION;LOW_CPK,WIDE_DISTRIBUTION;LOW_CPK,,,,LOW_CPK,MAJOR,"[MAJOR] [현상] 산포가 spec 폭 대비 넓게 퍼져 있습니다.
[과거사례] 참고할 수 있는 과거 사례가 없습니다. 
 [점검제안] 산포가 spec 폭 대비 넓음 — 공정 변동 및 site/wafer 조건별 산포 차이 확인"
UNITOhm_MEANSHIFT_L2_220,6,unit_axis,2,MEAN_SHIFT,fire,(조합),,,MEAN_SHIFT,MEAN_SHIFT,,,,,MINOR,"[MINOR] [현상] 분포 중심이 한쪽 spec으로 치우쳐 있습니다.
[과거사례] 참고할 수 있는 과거 사례가 없습니다. 
 [점검제안] 분포 중심이 한쪽 spec 으로 치우침 — offset/센터링 trim 검토"
UNITOhm_MEANSHIFT_L4_221,6,unit_axis,4,MEAN_SHIFT,fire,(조합),,,MEAN_SHIFT,MEAN_SHIFT,,,,,MINOR,"[MINOR] [현상] 분포 중심이 한쪽 spec으로 치우쳐 있습니다.
[과거사례] 참고할 수 있는 과거 사례가 없습니다. 
 [점검제안] 분포 중심이 한쪽 spec 으로 치우침 — offset/센터링 trim 검토"
UNITOhm_SEVOUT_L2_216,6,unit_axis,2,SEVERE_OUTLIER,fire,(조합),,,SEVERE_OUTLIER;HEAVY_TAIL,SEVERE_OUTLIER;HEAVY_TAIL,,,,HEAVY_TAIL,MAJOR,"[MAJOR] [현상] outlier 성 fail 비율이 높게 나타납니다.
[과거사례] 참고할 수 있는 과거 사례가 없습니다. 
 [점검제안] outlier 성 fail 비율 높음 — 개별 die 산발 이상, contact/retest 재현성 확인"
UNITOhm_SEVOUT_L4_217,6,unit_axis,4,SEVERE_OUTLIER,fire,(조합),,,SEVERE_OUTLIER;SPEC_TOO_TIGHT,SEVERE_OUTLIER;SPEC_TOO_TIGHT,,,,SPEC_TOO_TIGHT,MAJOR,"[MAJOR] [현상] outlier 성 fail 비율이 높게 나타납니다.
[과거사례] 참고할 수 있는 과거 사례가 없습니다. 
 [점검제안] outlier 성 fail 비율 높음 — 개별 die 산발 이상, contact/retest 재현성 확인"
UNITOhm_SPECTIGHT_L2_218,6,unit_axis,2,SPEC_TOO_TIGHT,fire,(조합),,,SPEC_TOO_TIGHT,SPEC_TOO_TIGHT,,,,,MINOR,"[MINOR] [현상] 산포는 안정적이나 spec margin이 부족한 상태입니다.
[과거사례] 참고할 수 있는 과거 사례가 없습니다. 
 [점검제안] 분포는 양호(좁고·중앙·단봉)한데 cpk 낮음 — spec margin 자체 검토(spec_review)"
UNITOhm_SPECTIGHT_L4_219,6,unit_axis,4,SPEC_TOO_TIGHT,fire,(조합),,,SPEC_TOO_TIGHT,SPEC_TOO_TIGHT,,,,,MINOR,"[MINOR] [현상] 산포는 안정적이나 spec margin이 부족한 상태입니다.
[과거사례] 참고할 수 있는 과거 사례가 없습니다. 
 [점검제안] 분포는 양호(좁고·중앙·단봉)한데 cpk 낮음 — spec margin 자체 검토(spec_review)"
UNITOhm_WIDE_L2_214,6,unit_axis,2,WIDE_DISTRIBUTION,fire,(조합),,,WIDE_DISTRIBUTION;LOW_CPK,WIDE_DISTRIBUTION;LOW_CPK,,,,LOW_CPK,MAJOR,"[MAJOR] [현상] 산포가 spec 폭 대비 넓게 퍼져 있습니다.
[과거사례] 참고할 수 있는 과거 사례가 없습니다. 
 [점검제안] 산포가 spec 폭 대비 넓음 — 공정 변동 및 site/wafer 조건별 산포 차이 확인"
UNITOhm_WIDE_L4_215,6,unit_axis,4,WIDE_DISTRIBUTION,fire,(조합),,,WIDE_DISTRIBUTION;LOW_CPK,WIDE_DISTRIBUTION;LOW_CPK,,,,LOW_CPK,MAJOR,"[MAJOR] [현상] 산포가 spec 폭 대비 넓게 퍼져 있습니다.
[과거사례] 참고할 수 있는 과거 사례가 없습니다. 
 [점검제안] 산포가 spec 폭 대비 넓음 — 공정 변동 및 site/wafer 조건별 산포 차이 확인"
UNITPCT_WIDE_L2_238,6,unit_axis,2,WIDE_DISTRIBUTION,fire,(조합),,,WIDE_DISTRIBUTION;LOW_CPK,WIDE_DISTRIBUTION;LOW_CPK,,,,LOW_CPK,MAJOR,"[MAJOR] [현상] 산포가 spec 폭 대비 넓게 퍼져 있습니다.
[과거사례] 참고할 수 있는 과거 사례가 없습니다. 
 [점검제안] 산포가 spec 폭 대비 넓음 — 공정 변동 및 site/wafer 조건별 산포 차이 확인"
UNITSec_MEANSHIFT_L2_228,6,unit_axis,2,MEAN_SHIFT,fire,(조합),,,MEAN_SHIFT,MEAN_SHIFT,,,,,MINOR,"[MINOR] [현상] 분포 중심이 한쪽 spec으로 치우쳐 있습니다.
[과거사례] 참고할 수 있는 과거 사례가 없습니다. 
 [점검제안] 분포 중심이 한쪽 spec 으로 치우침 — offset/센터링 trim 검토"
UNITSec_MEANSHIFT_L4_229,6,unit_axis,4,MEAN_SHIFT,fire,(조합),,,MEAN_SHIFT,MEAN_SHIFT,,,,,MINOR,"[MINOR] [현상] 분포 중심이 한쪽 spec으로 치우쳐 있습니다.
[과거사례] 참고할 수 있는 과거 사례가 없습니다. 
 [점검제안] 분포 중심이 한쪽 spec 으로 치우침 — offset/센터링 trim 검토"
UNITSec_SEVOUT_L2_224,6,unit_axis,2,SEVERE_OUTLIER,fire,(조합),,,SEVERE_OUTLIER;HEAVY_TAIL,SEVERE_OUTLIER;HEAVY_TAIL,,,,HEAVY_TAIL,MAJOR,"[MAJOR] [현상] outlier 성 fail 비율이 높게 나타납니다.
[과거사례] 참고할 수 있는 과거 사례가 없습니다. 
 [점검제안] outlier 성 fail 비율 높음 — 개별 die 산발 이상, contact/retest 재현성 확인"
UNITSec_SEVOUT_L4_225,6,unit_axis,4,SEVERE_OUTLIER,fire,(조합),,,SEVERE_OUTLIER;SPEC_TOO_TIGHT,SEVERE_OUTLIER;SPEC_TOO_TIGHT,,,,SPEC_TOO_TIGHT,MAJOR,"[MAJOR] [현상] outlier 성 fail 비율이 높게 나타납니다.
[과거사례] 참고할 수 있는 과거 사례가 없습니다. 
 [점검제안] outlier 성 fail 비율 높음 — 개별 die 산발 이상, contact/retest 재현성 확인"
UNITSec_SPECTIGHT_L2_226,6,unit_axis,2,SPEC_TOO_TIGHT,fire,(조합),,,SPEC_TOO_TIGHT,SPEC_TOO_TIGHT,,,,,MINOR,"[MINOR] [현상] 산포는 안정적이나 spec margin이 부족한 상태입니다.
[과거사례] 참고할 수 있는 과거 사례가 없습니다. 
 [점검제안] 분포는 양호(좁고·중앙·단봉)한데 cpk 낮음 — spec margin 자체 검토(spec_review)"
UNITSec_SPECTIGHT_L4_227,6,unit_axis,4,SPEC_TOO_TIGHT,fire,(조합),,,SPEC_TOO_TIGHT,SPEC_TOO_TIGHT,,,,,MINOR,"[MINOR] [현상] 산포는 안정적이나 spec margin이 부족한 상태입니다.
[과거사례] 참고할 수 있는 과거 사례가 없습니다. 
 [점검제안] 분포는 양호(좁고·중앙·단봉)한데 cpk 낮음 — spec margin 자체 검토(spec_review)"
UNITSec_WIDE_L2_222,6,unit_axis,2,WIDE_DISTRIBUTION,fire,(조합),,,WIDE_DISTRIBUTION;LOW_CPK,WIDE_DISTRIBUTION;LOW_CPK,,,,LOW_CPK,MAJOR,"[MAJOR] [현상] 산포가 spec 폭 대비 넓게 퍼져 있습니다.
[과거사례] 참고할 수 있는 과거 사례가 없습니다. 
 [점검제안] 산포가 spec 폭 대비 넓음 — 공정 변동 및 site/wafer 조건별 산포 차이 확인"
UNITSec_WIDE_L4_223,6,unit_axis,4,WIDE_DISTRIBUTION,fire,(조합),,,WIDE_DISTRIBUTION;LOW_CPK,WIDE_DISTRIBUTION;LOW_CPK,,,,LOW_CPK,MAJOR,"[MAJOR] [현상] 산포가 spec 폭 대비 넓게 퍼져 있습니다.
[과거사례] 참고할 수 있는 과거 사례가 없습니다. 
 [점검제안] 산포가 spec 폭 대비 넓음 — 공정 변동 및 site/wafer 조건별 산포 차이 확인"
UNITV_MEANSHIFT_L2_196,6,unit_axis,2,MEAN_SHIFT,fire,(조합),,,MEAN_SHIFT,MEAN_SHIFT,,,,,MINOR,"[MINOR] [현상] 분포 중심이 한쪽 spec으로 치우쳐 있습니다.
[과거사례] 참고할 수 있는 과거 사례가 없습니다. 
 [점검제안] 분포 중심이 한쪽 spec 으로 치우침 — offset/센터링 trim 검토"
UNITV_MEANSHIFT_L4_197,6,unit_axis,4,MEAN_SHIFT,fire,(조합),,,MEAN_SHIFT,MEAN_SHIFT,,,,,MINOR,"[MINOR] [현상] 분포 중심이 한쪽 spec으로 치우쳐 있습니다.
[과거사례] 참고할 수 있는 과거 사례가 없습니다. 
 [점검제안] 분포 중심이 한쪽 spec 으로 치우침 — offset/센터링 trim 검토"
UNITV_SEVOUT_L2_192,6,unit_axis,2,SEVERE_OUTLIER,fire,(조합),,,SEVERE_OUTLIER;HEAVY_TAIL,SEVERE_OUTLIER;HEAVY_TAIL,,,,HEAVY_TAIL,MAJOR,"[MAJOR] [현상] outlier 성 fail 비율이 높게 나타납니다.
[과거사례] 참고할 수 있는 과거 사례가 없습니다. 
 [점검제안] outlier 성 fail 비율 높음 — 개별 die 산발 이상, contact/retest 재현성 확인"
UNITV_SEVOUT_L4_193,6,unit_axis,4,SEVERE_OUTLIER,fire,(조합),,,SEVERE_OUTLIER;SPEC_TOO_TIGHT,SEVERE_OUTLIER;SPEC_TOO_TIGHT,,,,SPEC_TOO_TIGHT,MAJOR,"[MAJOR] [현상] outlier 성 fail 비율이 높게 나타납니다.
[과거사례] 참고할 수 있는 과거 사례가 없습니다. 
 [점검제안] outlier 성 fail 비율 높음 — 개별 die 산발 이상, contact/retest 재현성 확인"
UNITV_SPECTIGHT_L2_194,6,unit_axis,2,SPEC_TOO_TIGHT,fire,(조합),,,SPEC_TOO_TIGHT,SPEC_TOO_TIGHT,,,,,MINOR,"[MINOR] [현상] 산포는 안정적이나 spec margin이 부족한 상태입니다.
[과거사례] 참고할 수 있는 과거 사례가 없습니다. 
 [점검제안] 분포는 양호(좁고·중앙·단봉)한데 cpk 낮음 — spec margin 자체 검토(spec_review)"
UNITV_SPECTIGHT_L4_195,6,unit_axis,4,SPEC_TOO_TIGHT,fire,(조합),,,SPEC_TOO_TIGHT,SPEC_TOO_TIGHT,,,,,MINOR,"[MINOR] [현상] 산포는 안정적이나 spec margin이 부족한 상태입니다.
[과거사례] 참고할 수 있는 과거 사례가 없습니다. 
 [점검제안] 분포는 양호(좁고·중앙·단봉)한데 cpk 낮음 — spec margin 자체 검토(spec_review)"
UNITV_WIDE_L2_190,6,unit_axis,2,WIDE_DISTRIBUTION,fire,(조합),,,WIDE_DISTRIBUTION;LOW_CPK,WIDE_DISTRIBUTION;LOW_CPK,,,,LOW_CPK,MAJOR,"[MAJOR] [현상] 산포가 spec 폭 대비 넓게 퍼져 있습니다.
[과거사례] 참고할 수 있는 과거 사례가 없습니다. 
 [점검제안] 산포가 spec 폭 대비 넓음 — 공정 변동 및 site/wafer 조건별 산포 차이 확인"
UNITV_WIDE_L4_191,6,unit_axis,4,WIDE_DISTRIBUTION,fire,(조합),,,WIDE_DISTRIBUTION;LOW_CPK,WIDE_DISTRIBUTION;LOW_CPK,,,,LOW_CPK,MAJOR,"[MAJOR] [현상] 산포가 spec 폭 대비 넓게 퍼져 있습니다.
[과거사례] 참고할 수 있는 과거 사례가 없습니다. 
 [점검제안] 산포가 spec 폭 대비 넓음 — 공정 변동 및 site/wafer 조건별 산포 차이 확인"
WAFER_GRADIENT_L5_099,6,single,5,WAFER_GRADIENT,fire,gradient_norm_abs_max,0.95,0.8086,GROSS_FAIL;WAFER_GRADIENT,UNKNOWN,,,,GROSS_FAIL,MONITOR,"[MONITOR] [현상] fail 이 있으나 기존 룰로 설명되지 않는 상태입니다.
[과거사례] 참고할 수 있는 과거 사례가 없습니다. 
 [점검제안] 기존 signature 로 설명되지 않는 fail — 발화 사유(단위/limit/표본/조건)를 확인하고 새 불량유형 후보로 검토"
BIN18_SEVOUT_L2_288,7,bin_axis,2,SEVERE_OUTLIER,fire,(조합),,,SEVERE_OUTLIER;HEAVY_TAIL,SEVERE_OUTLIER;HEAVY_TAIL,,,,HEAVY_TAIL,MAJOR,"[MAJOR] [현상] outlier 성 fail 비율이 높게 나타납니다.
[과거사례] 참고할 수 있는 과거 사례가 없습니다. 
 [점검제안] outlier 성 fail 비율 높음 — 개별 die 산발 이상, contact/retest 재현성 확인"
BIN18_SEVOUT_L4_289,7,bin_axis,4,SEVERE_OUTLIER,fire,(조합),,,SEVERE_OUTLIER;SPEC_TOO_TIGHT,SEVERE_OUTLIER;SPEC_TOO_TIGHT,,,,SPEC_TOO_TIGHT,MAJOR,"[MAJOR] [현상] outlier 성 fail 비율이 높게 나타납니다.
[과거사례] 참고할 수 있는 과거 사례가 없습니다. 
 [점검제안] outlier 성 fail 비율 높음 — 개별 die 산발 이상, contact/retest 재현성 확인"
BIN18_SUBPOP_L2_290,7,bin_axis,2,SUBPOP_GAP,fire,(조합),,,SUBPOP_GAP,SUBPOP_GAP,,,,,MAJOR,"[MAJOR][이봉] [현상] 분포가 2개 level로 분리되는 양상입니다.
[과거사례] 참고할 수 있는 과거 사례가 없습니다. 
 [점검제안] 분포가 두 무리로 분리(이봉) — 로트/장비 혼입·조건 이원화 점검"
BIN18_SUBPOP_L4_291,7,bin_axis,4,SUBPOP_GAP,fire,(조합),,,SUBPOP_GAP;LOW_CPK,SUBPOP_GAP;LOW_CPK,,,,LOW_CPK,MAJOR,"[MAJOR][이봉] [현상] 분포가 2개 level로 분리되는 양상입니다.
[과거사례] 참고할 수 있는 과거 사례가 없습니다. 
 [점검제안] 분포가 두 무리로 분리(이봉) — 로트/장비 혼입·조건 이원화 점검"
BIN18_WIDE_L2_286,7,bin_axis,2,WIDE_DISTRIBUTION,fire,(조합),,,WIDE_DISTRIBUTION;LOW_CPK,WIDE_DISTRIBUTION;LOW_CPK,,,,LOW_CPK,MAJOR,"[MAJOR] [현상] 산포가 spec 폭 대비 넓게 퍼져 있습니다.
[과거사례] 참고할 수 있는 과거 사례가 없습니다. 
 [점검제안] 산포가 spec 폭 대비 넓음 — 공정 변동 및 site/wafer 조건별 산포 차이 확인"
BIN18_WIDE_L4_287,7,bin_axis,4,WIDE_DISTRIBUTION,fire,(조합),,,BIDIR_TAIL;WIDE_DISTRIBUTION;LOW_CPK,WIDE_DISTRIBUTION;LOW_CPK,,,,BIDIR_TAIL;LOW_CPK,MAJOR,"[MAJOR] [현상] 산포가 spec 폭 대비 넓게 퍼져 있습니다.
[과거사례] 참고할 수 있는 과거 사례가 없습니다. 
 [점검제안] 산포가 spec 폭 대비 넓음 — 공정 변동 및 site/wafer 조건별 산포 차이 확인"
BIN31_SEVOUT_L2_294,7,bin_axis,2,SEVERE_OUTLIER,fire,(조합),,,SEVERE_OUTLIER;HEAVY_TAIL,SEVERE_OUTLIER;HEAVY_TAIL,,,,HEAVY_TAIL,MAJOR,"[MAJOR] [현상] outlier 성 fail 비율이 높게 나타납니다.
[과거사례] 참고할 수 있는 과거 사례가 없습니다. 
 [점검제안] outlier 성 fail 비율 높음 — 개별 die 산발 이상, contact/retest 재현성 확인"
BIN31_SEVOUT_L4_295,7,bin_axis,4,SEVERE_OUTLIER,fire,(조합),,,SEVERE_OUTLIER;SPEC_TOO_TIGHT,SEVERE_OUTLIER;SPEC_TOO_TIGHT,,,,SPEC_TOO_TIGHT,MAJOR,"[MAJOR] [현상] outlier 성 fail 비율이 높게 나타납니다.
[과거사례] 참고할 수 있는 과거 사례가 없습니다. 
 [점검제안] outlier 성 fail 비율 높음 — 개별 die 산발 이상, contact/retest 재현성 확인"
BIN31_SUBPOP_L2_296,7,bin_axis,2,SUBPOP_GAP,fire,(조합),,,SUBPOP_GAP,SUBPOP_GAP,,,,,MAJOR,"[MAJOR][이봉] [현상] 분포가 2개 level로 분리되는 양상입니다.
[과거사례] 참고할 수 있는 과거 사례가 없습니다. 
 [점검제안] 분포가 두 무리로 분리(이봉) — 로트/장비 혼입·조건 이원화 점검"
BIN31_SUBPOP_L4_297,7,bin_axis,4,SUBPOP_GAP,fire,(조합),,,WIDE_DISTRIBUTION;LOW_CPK;SUBPOP_GAP,WIDE_DISTRIBUTION;LOW_CPK;SUBPOP_GAP,,,,WIDE_DISTRIBUTION;LOW_CPK,MAJOR,"[MAJOR][이봉] [현상] 산포가 spec 폭 대비 넓게 퍼져 있습니다.
[과거사례] 참고할 수 있는 과거 사례가 없습니다. 
 [점검제안] 산포가 spec 폭 대비 넓음 — 공정 변동 및 site/wafer 조건별 산포 차이 확인"
BIN31_WIDE_L2_292,7,bin_axis,2,WIDE_DISTRIBUTION,fire,(조합),,,WIDE_DISTRIBUTION;LOW_CPK,WIDE_DISTRIBUTION;LOW_CPK,,,,LOW_CPK,MAJOR,"[MAJOR] [현상] 산포가 spec 폭 대비 넓게 퍼져 있습니다.
[과거사례] 참고할 수 있는 과거 사례가 없습니다. 
 [점검제안] 산포가 spec 폭 대비 넓음 — 공정 변동 및 site/wafer 조건별 산포 차이 확인"
BIN31_WIDE_L4_293,7,bin_axis,4,WIDE_DISTRIBUTION,fire,(조합),,,BIDIR_TAIL;WIDE_DISTRIBUTION;LOW_CPK,WIDE_DISTRIBUTION;LOW_CPK,,,,BIDIR_TAIL;LOW_CPK,MAJOR,"[MAJOR] [현상] 산포가 spec 폭 대비 넓게 퍼져 있습니다.
[과거사례] 참고할 수 있는 과거 사례가 없습니다. 
 [점검제안] 산포가 spec 폭 대비 넓음 — 공정 변동 및 site/wafer 조건별 산포 차이 확인"
BIN3_SEVOUT_L2_264,7,bin_axis,2,SEVERE_OUTLIER,fire,(조합),,,SEVERE_OUTLIER;HEAVY_TAIL,SEVERE_OUTLIER;HEAVY_TAIL,,,,HEAVY_TAIL,MAJOR,"[MAJOR] [현상] outlier 성 fail 비율이 높게 나타납니다.
[과거사례] 참고할 수 있는 과거 사례가 없습니다. 
 [점검제안] outlier 성 fail 비율 높음 — 개별 die 산발 이상, contact/retest 재현성 확인"
BIN3_SEVOUT_L4_265,7,bin_axis,4,SEVERE_OUTLIER,fire,(조합),,,SEVERE_OUTLIER;SPEC_TOO_TIGHT,SEVERE_OUTLIER;SPEC_TOO_TIGHT,,,,SPEC_TOO_TIGHT,MAJOR,"[MAJOR] [현상] outlier 성 fail 비율이 높게 나타납니다.
[과거사례] 참고할 수 있는 과거 사례가 없습니다. 
 [점검제안] outlier 성 fail 비율 높음 — 개별 die 산발 이상, contact/retest 재현성 확인"
BIN3_SUBPOP_L2_266,7,bin_axis,2,SUBPOP_GAP,fire,(조합),,,SUBPOP_GAP,SUBPOP_GAP,,,,,MAJOR,"[MAJOR][이봉] [현상] 분포가 2개 level로 분리되는 양상입니다.
[과거사례] 참고할 수 있는 과거 사례가 없습니다. 
 [점검제안] 분포가 두 무리로 분리(이봉) — 로트/장비 혼입·조건 이원화 점검"
BIN3_SUBPOP_L4_267,7,bin_axis,4,SUBPOP_GAP,fire,(조합),,,WIDE_DISTRIBUTION;LOW_CPK;SUBPOP_GAP,WIDE_DISTRIBUTION;LOW_CPK;SUBPOP_GAP,,,,WIDE_DISTRIBUTION;LOW_CPK,MAJOR,"[MAJOR][이봉] [현상] 산포가 spec 폭 대비 넓게 퍼져 있습니다.
[과거사례] 참고할 수 있는 과거 사례가 없습니다. 
 [점검제안] 산포가 spec 폭 대비 넓음 — 공정 변동 및 site/wafer 조건별 산포 차이 확인"
BIN3_WIDE_L2_262,7,bin_axis,2,WIDE_DISTRIBUTION,fire,(조합),,,WIDE_DISTRIBUTION;LOW_CPK,WIDE_DISTRIBUTION;LOW_CPK,,,,LOW_CPK,MAJOR,"[MAJOR] [현상] 산포가 spec 폭 대비 넓게 퍼져 있습니다.
[과거사례] 참고할 수 있는 과거 사례가 없습니다. 
 [점검제안] 산포가 spec 폭 대비 넓음 — 공정 변동 및 site/wafer 조건별 산포 차이 확인"
BIN3_WIDE_L4_263,7,bin_axis,4,WIDE_DISTRIBUTION,fire,(조합),,,WIDE_DISTRIBUTION;LOW_CPK,WIDE_DISTRIBUTION;LOW_CPK,,,,LOW_CPK,MAJOR,"[MAJOR] [현상] 산포가 spec 폭 대비 넓게 퍼져 있습니다.
[과거사례] 참고할 수 있는 과거 사례가 없습니다. 
 [점검제안] 산포가 spec 폭 대비 넓음 — 공정 변동 및 site/wafer 조건별 산포 차이 확인"
BIN4_SEVOUT_L2_270,7,bin_axis,2,SEVERE_OUTLIER,fire,(조합),,,SEVERE_OUTLIER;HEAVY_TAIL,SEVERE_OUTLIER;HEAVY_TAIL,,,,HEAVY_TAIL,MAJOR,"[MAJOR] [현상] outlier 성 fail 비율이 높게 나타납니다.
[과거사례] 참고할 수 있는 과거 사례가 없습니다. 
 [점검제안] outlier 성 fail 비율 높음 — 개별 die 산발 이상, contact/retest 재현성 확인"
BIN4_SEVOUT_L4_271,7,bin_axis,4,SEVERE_OUTLIER,fire,(조합),,,SEVERE_OUTLIER;SPEC_TOO_TIGHT,SEVERE_OUTLIER;SPEC_TOO_TIGHT,,,,SPEC_TOO_TIGHT,MAJOR,"[MAJOR] [현상] outlier 성 fail 비율이 높게 나타납니다.
[과거사례] 참고할 수 있는 과거 사례가 없습니다. 
 [점검제안] outlier 성 fail 비율 높음 — 개별 die 산발 이상, contact/retest 재현성 확인"
BIN4_SUBPOP_L2_272,7,bin_axis,2,SUBPOP_GAP,fire,(조합),,,SUBPOP_GAP,SUBPOP_GAP,,,,,MAJOR,"[MAJOR][이봉] [현상] 분포가 2개 level로 분리되는 양상입니다.
[과거사례] 참고할 수 있는 과거 사례가 없습니다. 
 [점검제안] 분포가 두 무리로 분리(이봉) — 로트/장비 혼입·조건 이원화 점검"
BIN4_SUBPOP_L4_273,7,bin_axis,4,SUBPOP_GAP,fire,(조합),,,SUBPOP_GAP;LOW_CPK,SUBPOP_GAP;LOW_CPK,,,,LOW_CPK,MAJOR,"[MAJOR][이봉] [현상] 분포가 2개 level로 분리되는 양상입니다.
[과거사례] 참고할 수 있는 과거 사례가 없습니다. 
 [점검제안] 분포가 두 무리로 분리(이봉) — 로트/장비 혼입·조건 이원화 점검"
BIN4_WIDE_L2_268,7,bin_axis,2,WIDE_DISTRIBUTION,fire,(조합),,,WIDE_DISTRIBUTION;LOW_CPK,WIDE_DISTRIBUTION;LOW_CPK,,,,LOW_CPK,MAJOR,"[MAJOR] [현상] 산포가 spec 폭 대비 넓게 퍼져 있습니다.
[과거사례] 참고할 수 있는 과거 사례가 없습니다. 
 [점검제안] 산포가 spec 폭 대비 넓음 — 공정 변동 및 site/wafer 조건별 산포 차이 확인"
BIN4_WIDE_L4_269,7,bin_axis,4,WIDE_DISTRIBUTION,fire,(조합),,,WIDE_DISTRIBUTION;LOW_CPK,WIDE_DISTRIBUTION;LOW_CPK,,,,LOW_CPK,MAJOR,"[MAJOR] [현상] 산포가 spec 폭 대비 넓게 퍼져 있습니다.
[과거사례] 참고할 수 있는 과거 사례가 없습니다. 
 [점검제안] 산포가 spec 폭 대비 넓음 — 공정 변동 및 site/wafer 조건별 산포 차이 확인"
BIN5_SEVOUT_L2_276,7,bin_axis,2,SEVERE_OUTLIER,fire,(조합),,,SEVERE_OUTLIER;HEAVY_TAIL,SEVERE_OUTLIER;HEAVY_TAIL,,,,HEAVY_TAIL,MAJOR,"[MAJOR] [현상] outlier 성 fail 비율이 높게 나타납니다.
[과거사례] 참고할 수 있는 과거 사례가 없습니다. 
 [점검제안] outlier 성 fail 비율 높음 — 개별 die 산발 이상, contact/retest 재현성 확인"
BIN5_SEVOUT_L4_277,7,bin_axis,4,SEVERE_OUTLIER,fire,(조합),,,SEVERE_OUTLIER;SPEC_TOO_TIGHT,SEVERE_OUTLIER;SPEC_TOO_TIGHT,,,,SPEC_TOO_TIGHT,MAJOR,"[MAJOR] [현상] outlier 성 fail 비율이 높게 나타납니다.
[과거사례] 참고할 수 있는 과거 사례가 없습니다. 
 [점검제안] outlier 성 fail 비율 높음 — 개별 die 산발 이상, contact/retest 재현성 확인"
BIN5_SUBPOP_L2_278,7,bin_axis,2,SUBPOP_GAP,fire,(조합),,,SUBPOP_GAP,SUBPOP_GAP,,,,,MAJOR,"[MAJOR][이봉] [현상] 분포가 2개 level로 분리되는 양상입니다.
[과거사례] 참고할 수 있는 과거 사례가 없습니다. 
 [점검제안] 분포가 두 무리로 분리(이봉) — 로트/장비 혼입·조건 이원화 점검"
BIN5_SUBPOP_L4_279,7,bin_axis,4,SUBPOP_GAP,fire,(조합),,,SUBPOP_GAP;LOW_CPK,SUBPOP_GAP;LOW_CPK,,,,LOW_CPK,MAJOR,"[MAJOR][이봉] [현상] 분포가 2개 level로 분리되는 양상입니다.
[과거사례] 참고할 수 있는 과거 사례가 없습니다. 
 [점검제안] 분포가 두 무리로 분리(이봉) — 로트/장비 혼입·조건 이원화 점검"
BIN5_WIDE_L2_274,7,bin_axis,2,WIDE_DISTRIBUTION,fire,(조합),,,WIDE_DISTRIBUTION;LOW_CPK,WIDE_DISTRIBUTION;LOW_CPK,,,,LOW_CPK,MAJOR,"[MAJOR] [현상] 산포가 spec 폭 대비 넓게 퍼져 있습니다.
[과거사례] 참고할 수 있는 과거 사례가 없습니다. 
 [점검제안] 산포가 spec 폭 대비 넓음 — 공정 변동 및 site/wafer 조건별 산포 차이 확인"
BIN5_WIDE_L4_275,7,bin_axis,4,WIDE_DISTRIBUTION,fire,(조합),,,BIDIR_TAIL;WIDE_DISTRIBUTION;LOW_CPK,WIDE_DISTRIBUTION;LOW_CPK,,,,BIDIR_TAIL;LOW_CPK,MAJOR,"[MAJOR] [현상] 산포가 spec 폭 대비 넓게 퍼져 있습니다.
[과거사례] 참고할 수 있는 과거 사례가 없습니다. 
 [점검제안] 산포가 spec 폭 대비 넓음 — 공정 변동 및 site/wafer 조건별 산포 차이 확인"
BIN8_SEVOUT_L2_282,7,bin_axis,2,SEVERE_OUTLIER,fire,(조합),,,SEVERE_OUTLIER;HEAVY_TAIL,SEVERE_OUTLIER;HEAVY_TAIL,,,,HEAVY_TAIL,MAJOR,"[MAJOR] [현상] outlier 성 fail 비율이 높게 나타납니다.
[과거사례] 참고할 수 있는 과거 사례가 없습니다. 
 [점검제안] outlier 성 fail 비율 높음 — 개별 die 산발 이상, contact/retest 재현성 확인"
BIN8_SEVOUT_L4_283,7,bin_axis,4,SEVERE_OUTLIER,fire,(조합),,,SEVERE_OUTLIER;SPEC_TOO_TIGHT,SEVERE_OUTLIER;SPEC_TOO_TIGHT,,,,SPEC_TOO_TIGHT,MAJOR,"[MAJOR] [현상] outlier 성 fail 비율이 높게 나타납니다.
[과거사례] 참고할 수 있는 과거 사례가 없습니다. 
 [점검제안] outlier 성 fail 비율 높음 — 개별 die 산발 이상, contact/retest 재현성 확인"
BIN8_SUBPOP_L2_284,7,bin_axis,2,SUBPOP_GAP,fire,(조합),,,SUBPOP_GAP,SUBPOP_GAP,,,,,MAJOR,"[MAJOR][이봉] [현상] 분포가 2개 level로 분리되는 양상입니다.
[과거사례] 참고할 수 있는 과거 사례가 없습니다. 
 [점검제안] 분포가 두 무리로 분리(이봉) — 로트/장비 혼입·조건 이원화 점검"
BIN8_SUBPOP_L4_285,7,bin_axis,4,SUBPOP_GAP,fire,(조합),,,SUBPOP_GAP;LOW_CPK,SUBPOP_GAP;LOW_CPK,,,,LOW_CPK,MAJOR,"[MAJOR][이봉] [현상] 분포가 2개 level로 분리되는 양상입니다.
[과거사례] 참고할 수 있는 과거 사례가 없습니다. 
 [점검제안] 분포가 두 무리로 분리(이봉) — 로트/장비 혼입·조건 이원화 점검"
BIN8_WIDE_L2_280,7,bin_axis,2,WIDE_DISTRIBUTION,fire,(조합),,,WIDE_DISTRIBUTION;LOW_CPK,WIDE_DISTRIBUTION;LOW_CPK,,,,LOW_CPK,MAJOR,"[MAJOR] [현상] 산포가 spec 폭 대비 넓게 퍼져 있습니다.
[과거사례] 참고할 수 있는 과거 사례가 없습니다. 
 [점검제안] 산포가 spec 폭 대비 넓음 — 공정 변동 및 site/wafer 조건별 산포 차이 확인"
BIN8_WIDE_L4_281,7,bin_axis,4,WIDE_DISTRIBUTION,fire,(조합),,,WIDE_DISTRIBUTION;LOW_CPK,WIDE_DISTRIBUTION;LOW_CPK,,,,LOW_CPK,MAJOR,"[MAJOR] [현상] 산포가 spec 폭 대비 넓게 퍼져 있습니다.
[과거사례] 참고할 수 있는 과거 사례가 없습니다. 
 [점검제안] 산포가 spec 폭 대비 넓음 — 공정 변동 및 site/wafer 조건별 산포 차이 확인"
UNITPCT_MEANSHIFT_L2_244,7,unit_axis,2,MEAN_SHIFT,fire,(조합),,,MEAN_SHIFT,MEAN_SHIFT,,,,,MINOR,"[MINOR] [현상] 분포 중심이 한쪽 spec으로 치우쳐 있습니다.
[과거사례] 참고할 수 있는 과거 사례가 없습니다. 
 [점검제안] 분포 중심이 한쪽 spec 으로 치우침 — offset/센터링 trim 검토"
UNITPCT_MEANSHIFT_L4_245,7,unit_axis,4,MEAN_SHIFT,fire,(조합),,,MEAN_SHIFT,MEAN_SHIFT,,,,,MINOR,"[MINOR] [현상] 분포 중심이 한쪽 spec으로 치우쳐 있습니다.
[과거사례] 참고할 수 있는 과거 사례가 없습니다. 
 [점검제안] 분포 중심이 한쪽 spec 으로 치우침 — offset/센터링 trim 검토"
UNITPCT_SEVOUT_L2_240,7,unit_axis,2,SEVERE_OUTLIER,fire,(조합),,,SEVERE_OUTLIER;HEAVY_TAIL,SEVERE_OUTLIER;HEAVY_TAIL,,,,HEAVY_TAIL,MAJOR,"[MAJOR] [현상] outlier 성 fail 비율이 높게 나타납니다.
[과거사례] 참고할 수 있는 과거 사례가 없습니다. 
 [점검제안] outlier 성 fail 비율 높음 — 개별 die 산발 이상, contact/retest 재현성 확인"
UNITPCT_SEVOUT_L4_241,7,unit_axis,4,SEVERE_OUTLIER,fire,(조합),,,SEVERE_OUTLIER;SPEC_TOO_TIGHT,SEVERE_OUTLIER;SPEC_TOO_TIGHT,,,,SPEC_TOO_TIGHT,MAJOR,"[MAJOR] [현상] outlier 성 fail 비율이 높게 나타납니다.
[과거사례] 참고할 수 있는 과거 사례가 없습니다. 
 [점검제안] outlier 성 fail 비율 높음 — 개별 die 산발 이상, contact/retest 재현성 확인"
UNITPCT_SPECTIGHT_L2_242,7,unit_axis,2,SPEC_TOO_TIGHT,fire,(조합),,,SPEC_TOO_TIGHT,SPEC_TOO_TIGHT,,,,,MINOR,"[MINOR] [현상] 산포는 안정적이나 spec margin이 부족한 상태입니다.
[과거사례] 참고할 수 있는 과거 사례가 없습니다. 
 [점검제안] 분포는 양호(좁고·중앙·단봉)한데 cpk 낮음 — spec margin 자체 검토(spec_review)"
UNITPCT_SPECTIGHT_L4_243,7,unit_axis,4,SPEC_TOO_TIGHT,fire,(조합),,,SPEC_TOO_TIGHT,SPEC_TOO_TIGHT,,,,,MINOR,"[MINOR] [현상] 산포는 안정적이나 spec margin이 부족한 상태입니다.
[과거사례] 참고할 수 있는 과거 사례가 없습니다. 
 [점검제안] 분포는 양호(좁고·중앙·단봉)한데 cpk 낮음 — spec margin 자체 검토(spec_review)"
UNITPCT_WIDE_L4_239,7,unit_axis,4,WIDE_DISTRIBUTION,fire,(조합),,,WIDE_DISTRIBUTION;LOW_CPK,WIDE_DISTRIBUTION;LOW_CPK,,,,LOW_CPK,MAJOR,"[MAJOR] [현상] 산포가 spec 폭 대비 넓게 퍼져 있습니다.
[과거사례] 참고할 수 있는 과거 사례가 없습니다. 
 [점검제안] 산포가 spec 폭 대비 넓음 — 공정 변동 및 site/wafer 조건별 산포 차이 확인"
UNITPFMISS_MEANSHIFT_L2_260,7,unit_axis,2,MEAN_SHIFT,not_fire,(조합),,,UNKNOWN,UNKNOWN,,,,,MONITOR,"[MONITOR] [현상] fail 이 있으나 기존 룰로 설명되지 않는 상태입니다.
[과거사례] 참고할 수 있는 과거 사례가 없습니다. 
 [점검제안] 기존 signature 로 설명되지 않는 fail — 발화 사유(단위/limit/표본/조건)를 확인하고 새 불량유형 후보로 검토"
UNITPFMISS_MEANSHIFT_L4_261,7,unit_axis,4,MEAN_SHIFT,not_fire,(조합),,,UNKNOWN,UNKNOWN,,,,,MONITOR,"[MONITOR] [현상] fail 이 있으나 기존 룰로 설명되지 않는 상태입니다.
[과거사례] 참고할 수 있는 과거 사례가 없습니다. 
 [점검제안] 기존 signature 로 설명되지 않는 fail — 발화 사유(단위/limit/표본/조건)를 확인하고 새 불량유형 후보로 검토"
UNITPFMISS_SEVOUT_L2_256,7,unit_axis,2,SEVERE_OUTLIER,not_fire,(조합),,,UNKNOWN,UNKNOWN,,,,,MONITOR,"[MONITOR] [현상] fail 이 있으나 기존 룰로 설명되지 않는 상태입니다.
[과거사례] 참고할 수 있는 과거 사례가 없습니다. 
 [점검제안] 기존 signature 로 설명되지 않는 fail — 발화 사유(단위/limit/표본/조건)를 확인하고 새 불량유형 후보로 검토"
UNITPFMISS_SEVOUT_L4_257,7,unit_axis,4,SEVERE_OUTLIER,not_fire,(조합),,,UNKNOWN,UNKNOWN,,,,,MONITOR,"[MONITOR] [현상] fail 이 있으나 기존 룰로 설명되지 않는 상태입니다.
[과거사례] 참고할 수 있는 과거 사례가 없습니다. 
 [점검제안] 기존 signature 로 설명되지 않는 fail — 발화 사유(단위/limit/표본/조건)를 확인하고 새 불량유형 후보로 검토"
UNITPFMISS_SPECTIGHT_L2_258,7,unit_axis,2,SPEC_TOO_TIGHT,not_fire,(조합),,,UNKNOWN,UNKNOWN,,,,,MONITOR,"[MONITOR] [현상] fail 이 있으나 기존 룰로 설명되지 않는 상태입니다.
[과거사례] 참고할 수 있는 과거 사례가 없습니다. 
 [점검제안] 기존 signature 로 설명되지 않는 fail — 발화 사유(단위/limit/표본/조건)를 확인하고 새 불량유형 후보로 검토"
UNITPFMISS_SPECTIGHT_L4_259,7,unit_axis,4,SPEC_TOO_TIGHT,not_fire,(조합),,,UNKNOWN,UNKNOWN,,,,,MONITOR,"[MONITOR] [현상] fail 이 있으나 기존 룰로 설명되지 않는 상태입니다.
[과거사례] 참고할 수 있는 과거 사례가 없습니다. 
 [점검제안] 기존 signature 로 설명되지 않는 fail — 발화 사유(단위/limit/표본/조건)를 확인하고 새 불량유형 후보로 검토"
UNITPFMISS_WIDE_L2_254,7,unit_axis,2,WIDE_DISTRIBUTION,not_fire,(조합),,,UNKNOWN,UNKNOWN,,,,,MONITOR,"[MONITOR] [현상] fail 이 있으나 기존 룰로 설명되지 않는 상태입니다.
[과거사례] 참고할 수 있는 과거 사례가 없습니다. 
 [점검제안] 기존 signature 로 설명되지 않는 fail — 발화 사유(단위/limit/표본/조건)를 확인하고 새 불량유형 후보로 검토"
UNITPFMISS_WIDE_L4_255,7,unit_axis,4,WIDE_DISTRIBUTION,not_fire,(조합),,,UNKNOWN,UNKNOWN,,,,,MONITOR,"[MONITOR] [현상] fail 이 있으나 기존 룰로 설명되지 않는 상태입니다.
[과거사례] 참고할 수 있는 과거 사례가 없습니다. 
 [점검제안] 기존 signature 로 설명되지 않는 fail — 발화 사유(단위/limit/표본/조건)를 확인하고 새 불량유형 후보로 검토"
UNITPF_MEANSHIFT_L2_252,7,unit_axis,2,MEAN_SHIFT,not_fire,(조합),,,UNKNOWN,UNKNOWN,,,,,MONITOR,"[MONITOR] [현상] fail 이 있으나 기존 룰로 설명되지 않는 상태입니다.
[과거사례] 참고할 수 있는 과거 사례가 없습니다. 
 [점검제안] 기존 signature 로 설명되지 않는 fail — 발화 사유(단위/limit/표본/조건)를 확인하고 새 불량유형 후보로 검토"
UNITPF_MEANSHIFT_L4_253,7,unit_axis,4,MEAN_SHIFT,not_fire,(조합),,,UNKNOWN,UNKNOWN,,,,,MONITOR,"[MONITOR] [현상] fail 이 있으나 기존 룰로 설명되지 않는 상태입니다.
[과거사례] 참고할 수 있는 과거 사례가 없습니다. 
 [점검제안] 기존 signature 로 설명되지 않는 fail — 발화 사유(단위/limit/표본/조건)를 확인하고 새 불량유형 후보로 검토"
UNITPF_SEVOUT_L2_248,7,unit_axis,2,SEVERE_OUTLIER,not_fire,(조합),,,UNKNOWN,UNKNOWN,,,,,MONITOR,"[MONITOR] [현상] fail 이 있으나 기존 룰로 설명되지 않는 상태입니다.
[과거사례] 참고할 수 있는 과거 사례가 없습니다. 
 [점검제안] 기존 signature 로 설명되지 않는 fail — 발화 사유(단위/limit/표본/조건)를 확인하고 새 불량유형 후보로 검토"
UNITPF_SEVOUT_L4_249,7,unit_axis,4,SEVERE_OUTLIER,not_fire,(조합),,,UNKNOWN,UNKNOWN,,,,,MONITOR,"[MONITOR] [현상] fail 이 있으나 기존 룰로 설명되지 않는 상태입니다.
[과거사례] 참고할 수 있는 과거 사례가 없습니다. 
 [점검제안] 기존 signature 로 설명되지 않는 fail — 발화 사유(단위/limit/표본/조건)를 확인하고 새 불량유형 후보로 검토"
UNITPF_SPECTIGHT_L2_250,7,unit_axis,2,SPEC_TOO_TIGHT,not_fire,(조합),,,UNKNOWN,UNKNOWN,,,,,MONITOR,"[MONITOR] [현상] fail 이 있으나 기존 룰로 설명되지 않는 상태입니다.
[과거사례] 참고할 수 있는 과거 사례가 없습니다. 
 [점검제안] 기존 signature 로 설명되지 않는 fail — 발화 사유(단위/limit/표본/조건)를 확인하고 새 불량유형 후보로 검토"
UNITPF_SPECTIGHT_L4_251,7,unit_axis,4,SPEC_TOO_TIGHT,not_fire,(조합),,,UNKNOWN,UNKNOWN,,,,,MONITOR,"[MONITOR] [현상] fail 이 있으나 기존 룰로 설명되지 않는 상태입니다.
[과거사례] 참고할 수 있는 과거 사례가 없습니다. 
 [점검제안] 기존 signature 로 설명되지 않는 fail — 발화 사유(단위/limit/표본/조건)를 확인하고 새 불량유형 후보로 검토"
UNITPF_WIDE_L2_246,7,unit_axis,2,WIDE_DISTRIBUTION,not_fire,(조합),,,UNKNOWN,UNKNOWN,,,,,MONITOR,"[MONITOR] [현상] fail 이 있으나 기존 룰로 설명되지 않는 상태입니다.
[과거사례] 참고할 수 있는 과거 사례가 없습니다. 
 [점검제안] 기존 signature 로 설명되지 않는 fail — 발화 사유(단위/limit/표본/조건)를 확인하고 새 불량유형 후보로 검토"
UNITPF_WIDE_L4_247,7,unit_axis,4,WIDE_DISTRIBUTION,not_fire,(조합),,,UNKNOWN,UNKNOWN,,,,,MONITOR,"[MONITOR] [현상] fail 이 있으나 기존 룰로 설명되지 않는 상태입니다.
[과거사례] 참고할 수 있는 과거 사례가 없습니다. 
 [점검제안] 기존 signature 로 설명되지 않는 fail — 발화 사유(단위/limit/표본/조건)를 확인하고 새 불량유형 후보로 검토"
GROSS_FAIL_L2_101,7,single,2,GROSS_FAIL,fire,yield,0.48,0.4798,GROSS_FAIL,UNKNOWN,,,,,MONITOR,"[MONITOR] [현상] fail 이 있으나 기존 룰로 설명되지 않는 상태입니다.
[과거사례] 참고할 수 있는 과거 사례가 없습니다. 
 [점검제안] 기존 signature 로 설명되지 않는 fail — 발화 사유(단위/limit/표본/조건)를 확인하고 새 불량유형 후보로 검토"
EDGEC_centerbias_1_342,8,boundary,1,MEAN_SHIFT,not_fire,center_bias,0.26,0.2601,UNKNOWN,UNKNOWN,,,,,MONITOR,"[MONITOR] [현상] fail 이 있으나 기존 룰로 설명되지 않는 상태입니다.
[과거사례] 참고할 수 있는 과거 사례가 없습니다. 
 [점검제안] 기존 signature 로 설명되지 않는 fail — 발화 사유(단위/limit/표본/조건)를 확인하고 새 불량유형 후보로 검토"
EDGEC_centerbias_2_343,8,boundary,1,MEAN_SHIFT,not_fire,center_bias,0.285,0.2853,UNKNOWN,UNKNOWN,,,,,MONITOR,"[MONITOR] [현상] fail 이 있으나 기존 룰로 설명되지 않는 상태입니다.
[과거사례] 참고할 수 있는 과거 사례가 없습니다. 
 [점검제안] 기존 signature 로 설명되지 않는 fail — 발화 사유(단위/limit/표본/조건)를 확인하고 새 불량유형 후보로 검토"
EDGEC_centerbias_3_344,8,boundary,1,MEAN_SHIFT,not_fire,center_bias,0.298,0.2986,UNKNOWN,UNKNOWN,,,,,MONITOR,"[MONITOR] [현상] fail 이 있으나 기존 룰로 설명되지 않는 상태입니다.
[과거사례] 참고할 수 있는 과거 사례가 없습니다. 
 [점검제안] 기존 signature 로 설명되지 않는 fail — 발화 사유(단위/limit/표본/조건)를 확인하고 새 불량유형 후보로 검토"
EDGEC_centerbias_4_345,8,boundary,3,MEAN_SHIFT,fire,center_bias,0.305,0.305,MEAN_SHIFT,MEAN_SHIFT,,,,,MINOR,"[MINOR] [현상] 분포 중심이 한쪽 spec으로 치우쳐 있습니다.
[과거사례] 참고할 수 있는 과거 사례가 없습니다. 
 [점검제안] 분포 중심이 한쪽 spec 으로 치우침 — offset/센터링 trim 검토"
EDGEC_centerbias_5_346,8,boundary,3,MEAN_SHIFT,fire,center_bias,0.33,0.3304,MEAN_SHIFT,MEAN_SHIFT,,,,,MINOR,"[MINOR] [현상] 분포 중심이 한쪽 spec으로 치우쳐 있습니다.
[과거사례] 참고할 수 있는 과거 사례가 없습니다. 
 [점검제안] 분포 중심이 한쪽 spec 으로 치우침 — offset/센터링 trim 검토"
EDGEC_centerbias_6_347,8,boundary,3,MEAN_SHIFT,fire,center_bias,0.4,0.3995,MEAN_SHIFT,MEAN_SHIFT,,,,,MINOR,"[MINOR] [현상] 분포 중심이 한쪽 spec으로 치우쳐 있습니다.
[과거사례] 참고할 수 있는 과거 사례가 없습니다. 
 [점검제안] 분포 중심이 한쪽 spec 으로 치우침 — offset/센터링 trim 검토"
EDGEC_codeedgehit_1_354,8,boundary,1,CODE_RAIL,not_fire,code_edge_hit,0.038,0.0379,SPEC_TOO_TIGHT,SPEC_TOO_TIGHT,,,,SPEC_TOO_TIGHT,MINOR,"[MINOR] [현상] 산포는 안정적이나 spec margin이 부족한 상태입니다.
[과거사례] 참고할 수 있는 과거 사례가 없습니다. 
 [점검제안] 분포는 양호(좁고·중앙·단봉)한데 cpk 낮음 — spec margin 자체 검토(spec_review)"
EDGEC_codeedgehit_2_355,8,boundary,1,CODE_RAIL,not_fire,code_edge_hit,0.045,0.0448,HEAVY_TAIL;SPEC_TOO_TIGHT,HEAVY_TAIL;SPEC_TOO_TIGHT,,,,HEAVY_TAIL;SPEC_TOO_TIGHT,MINOR,"[MINOR] [현상] 분포 꼬리가 두껍게 나타납니다.
[과거사례] 참고할 수 있는 과거 사례가 없습니다. 
 [점검제안] 분포 꼬리가 두꺼움(간헐 spike) — 산발 이상치 원인(contact/노이즈) 관찰"
EDGEC_codeedgehit_3_356,8,boundary,1,CODE_RAIL,not_fire,code_edge_hit,0.049,0.0489,HEAVY_TAIL;SPEC_TOO_TIGHT,HEAVY_TAIL;SPEC_TOO_TIGHT,,,,HEAVY_TAIL;SPEC_TOO_TIGHT,MINOR,"[MINOR] [현상] 분포 꼬리가 두껍게 나타납니다.
[과거사례] 참고할 수 있는 과거 사례가 없습니다. 
 [점검제안] 분포 꼬리가 두꺼움(간헐 spike) — 산발 이상치 원인(contact/노이즈) 관찰"
EDGEC_cpkwarn_1_336,8,boundary,1,SPEC_TOO_TIGHT,not_fire,cpk_warn,1.45,,UNKNOWN,UNKNOWN,,,,,MONITOR,"[MONITOR] [현상] fail 이 있으나 기존 룰로 설명되지 않는 상태입니다.
[과거사례] 참고할 수 있는 과거 사례가 없습니다. 
 [점검제안] 기존 signature 로 설명되지 않는 fail — 발화 사유(단위/limit/표본/조건)를 확인하고 새 불량유형 후보로 검토"
EDGEC_cpkwarn_2_337,8,boundary,1,SPEC_TOO_TIGHT,not_fire,cpk_warn,1.38,,UNKNOWN,UNKNOWN,,,,,MONITOR,"[MONITOR] [현상] fail 이 있으나 기존 룰로 설명되지 않는 상태입니다.
[과거사례] 참고할 수 있는 과거 사례가 없습니다. 
 [점검제안] 기존 signature 로 설명되지 않는 fail — 발화 사유(단위/limit/표본/조건)를 확인하고 새 불량유형 후보로 검토"
EDGEC_cpkwarn_3_338,8,boundary,1,SPEC_TOO_TIGHT,not_fire,cpk_warn,1.34,,UNKNOWN,UNKNOWN,,,,,MONITOR,"[MONITOR] [현상] fail 이 있으나 기존 룰로 설명되지 않는 상태입니다.
[과거사례] 참고할 수 있는 과거 사례가 없습니다. 
 [점검제안] 기존 signature 로 설명되지 않는 fail — 발화 사유(단위/limit/표본/조건)를 확인하고 새 불량유형 후보로 검토"
EDGEC_cpkwarn_4_339,8,boundary,3,SPEC_TOO_TIGHT,fire,cpk_warn,1.32,,SPEC_TOO_TIGHT,SPEC_TOO_TIGHT,,,,,MINOR,"[MINOR] [현상] 산포는 안정적이나 spec margin이 부족한 상태입니다.
[과거사례] 참고할 수 있는 과거 사례가 없습니다. 
 [점검제안] 분포는 양호(좁고·중앙·단봉)한데 cpk 낮음 — spec margin 자체 검토(spec_review)"
EDGEC_cpkwarn_5_340,8,boundary,3,SPEC_TOO_TIGHT,fire,cpk_warn,1.25,,SPEC_TOO_TIGHT,SPEC_TOO_TIGHT,,,,,MINOR,"[MINOR] [현상] 산포는 안정적이나 spec margin이 부족한 상태입니다.
[과거사례] 참고할 수 있는 과거 사례가 없습니다. 
 [점검제안] 분포는 양호(좁고·중앙·단봉)한데 cpk 낮음 — spec margin 자체 검토(spec_review)"
EDGEC_cpkwarn_6_341,8,boundary,3,SPEC_TOO_TIGHT,fire,cpk_warn,1.1,,SPEC_TOO_TIGHT,SPEC_TOO_TIGHT,,,,,MINOR,"[MINOR] [현상] 산포는 안정적이나 spec margin이 부족한 상태입니다.
[과거사례] 참고할 수 있는 과거 사례가 없습니다. 
 [점검제안] 분포는 양호(좁고·중앙·단봉)한데 cpk 낮음 — spec margin 자체 검토(spec_review)"
EDGEC_kurtosis_1_348,8,boundary,1,HEAVY_TAIL,not_fire,kurtosis,1.6,1.6,UNKNOWN,UNKNOWN,,,,,MONITOR,"[MONITOR] [현상] fail 이 있으나 기존 룰로 설명되지 않는 상태입니다.
[과거사례] 참고할 수 있는 과거 사례가 없습니다. 
 [점검제안] 기존 signature 로 설명되지 않는 fail — 발화 사유(단위/limit/표본/조건)를 확인하고 새 불량유형 후보로 검토"
EDGEC_kurtosis_2_349,8,boundary,1,HEAVY_TAIL,not_fire,kurtosis,1.85,1.85,UNKNOWN,UNKNOWN,,,,,MONITOR,"[MONITOR] [현상] fail 이 있으나 기존 룰로 설명되지 않는 상태입니다.
[과거사례] 참고할 수 있는 과거 사례가 없습니다. 
 [점검제안] 기존 signature 로 설명되지 않는 fail — 발화 사유(단위/limit/표본/조건)를 확인하고 새 불량유형 후보로 검토"
EDGEC_kurtosis_3_350,8,boundary,1,HEAVY_TAIL,not_fire,kurtosis,1.97,1.97,UNKNOWN,UNKNOWN,,,,,MONITOR,"[MONITOR] [현상] fail 이 있으나 기존 룰로 설명되지 않는 상태입니다.
[과거사례] 참고할 수 있는 과거 사례가 없습니다. 
 [점검제안] 기존 signature 로 설명되지 않는 fail — 발화 사유(단위/limit/표본/조건)를 확인하고 새 불량유형 후보로 검토"
EDGEC_kurtosis_4_351,8,boundary,3,HEAVY_TAIL,fire,kurtosis,2.05,2.05,HEAVY_TAIL,HEAVY_TAIL,,,,,MINOR,"[MINOR] [현상] 분포 꼬리가 두껍게 나타납니다.
[과거사례] 참고할 수 있는 과거 사례가 없습니다. 
 [점검제안] 분포 꼬리가 두꺼움(간헐 spike) — 산발 이상치 원인(contact/노이즈) 관찰"
EDGEC_kurtosis_5_352,8,boundary,3,HEAVY_TAIL,fire,kurtosis,2.3,2.3,HEAVY_TAIL,HEAVY_TAIL,,,,,MINOR,"[MINOR] [현상] 분포 꼬리가 두껍게 나타납니다.
[과거사례] 참고할 수 있는 과거 사례가 없습니다. 
 [점검제안] 분포 꼬리가 두꺼움(간헐 spike) — 산발 이상치 원인(contact/노이즈) 관찰"
EDGEC_kurtosis_6_353,8,boundary,3,HEAVY_TAIL,fire,kurtosis,3.0,3.0,HEAVY_TAIL,HEAVY_TAIL,,,,,MINOR,"[MINOR] [현상] 분포 꼬리가 두껍게 나타납니다.
[과거사례] 참고할 수 있는 과거 사례가 없습니다. 
 [점검제안] 분포 꼬리가 두꺼움(간헐 spike) — 산발 이상치 원인(contact/노이즈) 관찰"
EDGEC_outlierratiobad_1_330,8,boundary,1,SEVERE_OUTLIER,not_fire,outlier_ratio_bad,0.04,,OUTLIER_WARN;HEAVY_TAIL,OUTLIER_WARN;HEAVY_TAIL,,,,OUTLIER_WARN;HEAVY_TAIL,MINOR,"[MINOR] [현상] outlier 비율이 주의 수준으로 관찰됩니다.
[과거사례] 참고할 수 있는 과거 사례가 없습니다. 
 [점검제안] outlier 비율 주의 수준 — 개별 die 산발 이상 여부 관찰"
EDGEC_outlierratiobad_2_331,8,boundary,1,SEVERE_OUTLIER,not_fire,outlier_ratio_bad,0.046,,OUTLIER_WARN;HEAVY_TAIL,OUTLIER_WARN;HEAVY_TAIL,,,,OUTLIER_WARN;HEAVY_TAIL,MINOR,"[MINOR] [현상] outlier 비율이 주의 수준으로 관찰됩니다.
[과거사례] 참고할 수 있는 과거 사례가 없습니다. 
 [점검제안] outlier 비율 주의 수준 — 개별 die 산발 이상 여부 관찰"
EDGEC_outlierratiobad_3_332,8,boundary,1,SEVERE_OUTLIER,not_fire,outlier_ratio_bad,0.049,,OUTLIER_WARN;HEAVY_TAIL,OUTLIER_WARN;HEAVY_TAIL,,,,OUTLIER_WARN;HEAVY_TAIL,MINOR,"[MINOR] [현상] outlier 비율이 주의 수준으로 관찰됩니다.
[과거사례] 참고할 수 있는 과거 사례가 없습니다. 
 [점검제안] outlier 비율 주의 수준 — 개별 die 산발 이상 여부 관찰"
EDGEC_outlierratiobad_4_333,8,boundary,3,SEVERE_OUTLIER,fire,outlier_ratio_bad,0.052,,SEVERE_OUTLIER;HEAVY_TAIL,SEVERE_OUTLIER;HEAVY_TAIL,,,,HEAVY_TAIL,MAJOR,"[MAJOR] [현상] outlier 성 fail 비율이 높게 나타납니다.
[과거사례] 참고할 수 있는 과거 사례가 없습니다. 
 [점검제안] outlier 성 fail 비율 높음 — 개별 die 산발 이상, contact/retest 재현성 확인"
EDGEC_outlierratiobad_5_334,8,boundary,3,SEVERE_OUTLIER,fire,outlier_ratio_bad,0.06,,SEVERE_OUTLIER;HEAVY_TAIL,SEVERE_OUTLIER;HEAVY_TAIL,,,,HEAVY_TAIL,MAJOR,"[MAJOR] [현상] outlier 성 fail 비율이 높게 나타납니다.
[과거사례] 참고할 수 있는 과거 사례가 없습니다. 
 [점검제안] outlier 성 fail 비율 높음 — 개별 die 산발 이상, contact/retest 재현성 확인"
EDGEC_outlierratiobad_6_335,8,boundary,3,SEVERE_OUTLIER,fire,outlier_ratio_bad,0.075,,SEVERE_OUTLIER;HEAVY_TAIL,SEVERE_OUTLIER;HEAVY_TAIL,,,,HEAVY_TAIL,MAJOR,"[MAJOR] [현상] outlier 성 fail 비율이 높게 나타납니다.
[과거사례] 참고할 수 있는 과거 사례가 없습니다. 
 [점검제안] outlier 성 fail 비율 높음 — 개별 die 산발 이상, contact/retest 재현성 확인"
EDGEC_outlierratiowarn_1_324,8,boundary,1,OUTLIER_WARN,not_fire,outlier_ratio_warn,0.014,,HEAVY_TAIL,HEAVY_TAIL,,,,HEAVY_TAIL,MINOR,"[MINOR] [현상] 분포 꼬리가 두껍게 나타납니다.
[과거사례] 참고할 수 있는 과거 사례가 없습니다. 
 [점검제안] 분포 꼬리가 두꺼움(간헐 spike) — 산발 이상치 원인(contact/노이즈) 관찰"
EDGEC_outlierratiowarn_2_325,8,boundary,1,OUTLIER_WARN,not_fire,outlier_ratio_warn,0.018,,HEAVY_TAIL,HEAVY_TAIL,,,,HEAVY_TAIL,MINOR,"[MINOR] [현상] 분포 꼬리가 두껍게 나타납니다.
[과거사례] 참고할 수 있는 과거 사례가 없습니다. 
 [점검제안] 분포 꼬리가 두꺼움(간헐 spike) — 산발 이상치 원인(contact/노이즈) 관찰"
EDGEC_outlierratiowarn_3_326,8,boundary,1,OUTLIER_WARN,not_fire,outlier_ratio_warn,0.0198,,HEAVY_TAIL,HEAVY_TAIL,,,,HEAVY_TAIL,MINOR,"[MINOR] [현상] 분포 꼬리가 두껍게 나타납니다.
[과거사례] 참고할 수 있는 과거 사례가 없습니다. 
 [점검제안] 분포 꼬리가 두꺼움(간헐 spike) — 산발 이상치 원인(contact/노이즈) 관찰"
EDGEC_outlierratiowarn_4_327,8,boundary,3,OUTLIER_WARN,fire,outlier_ratio_warn,0.021,,OUTLIER_WARN;HEAVY_TAIL,OUTLIER_WARN;HEAVY_TAIL,,,,HEAVY_TAIL,MINOR,"[MINOR] [현상] outlier 비율이 주의 수준으로 관찰됩니다.
[과거사례] 참고할 수 있는 과거 사례가 없습니다. 
 [점검제안] outlier 비율 주의 수준 — 개별 die 산발 이상 여부 관찰"
EDGEC_outlierratiowarn_5_328,8,boundary,3,OUTLIER_WARN,fire,outlier_ratio_warn,0.025,,OUTLIER_WARN;HEAVY_TAIL,OUTLIER_WARN;HEAVY_TAIL,,,,HEAVY_TAIL,MINOR,"[MINOR] [현상] outlier 비율이 주의 수준으로 관찰됩니다.
[과거사례] 참고할 수 있는 과거 사례가 없습니다. 
 [점검제안] outlier 비율 주의 수준 — 개별 die 산발 이상 여부 관찰"
EDGEC_outlierratiowarn_6_329,8,boundary,3,OUTLIER_WARN,fire,outlier_ratio_warn,0.03,,OUTLIER_WARN;HEAVY_TAIL,OUTLIER_WARN;HEAVY_TAIL,,,,HEAVY_TAIL,MINOR,"[MINOR] [현상] outlier 비율이 주의 수준으로 관찰됩니다.
[과거사례] 참고할 수 있는 과거 사례가 없습니다. 
 [점검제안] outlier 비율 주의 수준 — 개별 die 산발 이상 여부 관찰"
EDGEC_spreadnorm_1_318,8,boundary,1,WIDE_DISTRIBUTION,not_fire,spread_norm,0.17,0.17,SPEC_TOO_TIGHT,SPEC_TOO_TIGHT,,,,SPEC_TOO_TIGHT,MINOR,"[MINOR] [현상] 산포는 안정적이나 spec margin이 부족한 상태입니다.
[과거사례] 참고할 수 있는 과거 사례가 없습니다. 
 [점검제안] 분포는 양호(좁고·중앙·단봉)한데 cpk 낮음 — spec margin 자체 검토(spec_review)"
EDGEC_spreadnorm_2_319,8,boundary,1,WIDE_DISTRIBUTION,not_fire,spread_norm,0.176,0.176,SPEC_TOO_TIGHT,SPEC_TOO_TIGHT,,,,SPEC_TOO_TIGHT,MINOR,"[MINOR] [현상] 산포는 안정적이나 spec margin이 부족한 상태입니다.
[과거사례] 참고할 수 있는 과거 사례가 없습니다. 
 [점검제안] 분포는 양호(좁고·중앙·단봉)한데 cpk 낮음 — spec margin 자체 검토(spec_review)"
EDGEC_spreadnorm_3_320,8,boundary,1,WIDE_DISTRIBUTION,not_fire,spread_norm,0.179,0.179,SPEC_TOO_TIGHT,SPEC_TOO_TIGHT,,,,SPEC_TOO_TIGHT,MINOR,"[MINOR] [현상] 산포는 안정적이나 spec margin이 부족한 상태입니다.
[과거사례] 참고할 수 있는 과거 사례가 없습니다. 
 [점검제안] 분포는 양호(좁고·중앙·단봉)한데 cpk 낮음 — spec margin 자체 검토(spec_review)"
EDGEC_spreadnorm_4_321,8,boundary,3,WIDE_DISTRIBUTION,fire,spread_norm,0.181,0.181,WIDE_DISTRIBUTION;LOW_CPK,WIDE_DISTRIBUTION;LOW_CPK,,,,LOW_CPK,MAJOR,"[MAJOR] [현상] 산포가 spec 폭 대비 넓게 퍼져 있습니다.
[과거사례] 참고할 수 있는 과거 사례가 없습니다. 
 [점검제안] 산포가 spec 폭 대비 넓음 — 공정 변동 및 site/wafer 조건별 산포 차이 확인"
EDGEC_spreadnorm_5_322,8,boundary,3,WIDE_DISTRIBUTION,fire,spread_norm,0.186,0.186,WIDE_DISTRIBUTION;LOW_CPK,WIDE_DISTRIBUTION;LOW_CPK,,,,LOW_CPK,MAJOR,"[MAJOR] [현상] 산포가 spec 폭 대비 넓게 퍼져 있습니다.
[과거사례] 참고할 수 있는 과거 사례가 없습니다. 
 [점검제안] 산포가 spec 폭 대비 넓음 — 공정 변동 및 site/wafer 조건별 산포 차이 확인"
EDGEC_spreadnorm_6_323,8,boundary,3,WIDE_DISTRIBUTION,fire,spread_norm,0.2,0.2,WIDE_DISTRIBUTION;LOW_CPK,WIDE_DISTRIBUTION;LOW_CPK,,,,LOW_CPK,MAJOR,"[MAJOR] [현상] 산포가 spec 폭 대비 넓게 퍼져 있습니다.
[과거사례] 참고할 수 있는 과거 사례가 없습니다. 
 [점검제안] 산포가 spec 폭 대비 넓음 — 공정 변동 및 site/wafer 조건별 산포 차이 확인"
TRIM_MEANSHIFT_L1_313,8,trim_axis,1,MEAN_SHIFT,not_fire,(조합),,,UNKNOWN,UNKNOWN,,,,,MONITOR,"[MONITOR] [현상] fail 이 있으나 기존 룰로 설명되지 않는 상태입니다.
[과거사례] 참고할 수 있는 과거 사례가 없습니다. 
 [점검제안] 기존 signature 로 설명되지 않는 fail — 발화 사유(단위/limit/표본/조건)를 확인하고 새 불량유형 후보로 검토"
TRIM_MEANSHIFT_L2_314,8,trim_axis,2,MEAN_SHIFT,fire,(조합),,,MEAN_SHIFT,MEAN_SHIFT,,,,,MINOR,"[MINOR] [현상] 분포 중심이 한쪽 spec으로 치우쳐 있습니다.
[과거사례] 참고할 수 있는 과거 사례가 없습니다. 
 [점검제안] 분포 중심이 한쪽 spec 으로 치우침 — offset/센터링 trim 검토"
TRIM_MEANSHIFT_L3_315,8,trim_axis,3,MEAN_SHIFT,fire,(조합),,,MEAN_SHIFT,MEAN_SHIFT,,,,,MINOR,"[MINOR] [현상] 분포 중심이 한쪽 spec으로 치우쳐 있습니다.
[과거사례] 참고할 수 있는 과거 사례가 없습니다. 
 [점검제안] 분포 중심이 한쪽 spec 으로 치우침 — offset/센터링 trim 검토"
TRIM_MEANSHIFT_L4_316,8,trim_axis,4,MEAN_SHIFT,fire,(조합),,,MEAN_SHIFT,MEAN_SHIFT,,,,,MINOR,"[MINOR] [현상] 분포 중심이 한쪽 spec으로 치우쳐 있습니다.
[과거사례] 참고할 수 있는 과거 사례가 없습니다. 
 [점검제안] 분포 중심이 한쪽 spec 으로 치우침 — offset/센터링 trim 검토"
TRIM_MEANSHIFT_L5_317,8,trim_axis,5,MEAN_SHIFT,fire,(조합),,,LOW_CPK;MEAN_SHIFT,LOW_CPK;MEAN_SHIFT,,,,LOW_CPK,MAJOR,"[MAJOR] [현상] 공정능력지수(Cpk)가 기준(1.33) 미달입니다.
[과거사례] 참고할 수 있는 과거 사례가 없습니다. 
 [점검제안] 공정능력지수 미달(cpk<1.33) — 산포/센터링 근본 점검"
TRIM_SEVOUT_L1_303,8,trim_axis,1,SEVERE_OUTLIER,not_fire,(조합),,,UNKNOWN,UNKNOWN,,,,,MONITOR,"[MONITOR] [현상] fail 이 있으나 기존 룰로 설명되지 않는 상태입니다.
[과거사례] 참고할 수 있는 과거 사례가 없습니다. 
 [점검제안] 기존 signature 로 설명되지 않는 fail — 발화 사유(단위/limit/표본/조건)를 확인하고 새 불량유형 후보로 검토"
TRIM_SEVOUT_L2_304,8,trim_axis,2,SEVERE_OUTLIER,fire,(조합),,,SEVERE_OUTLIER;HEAVY_TAIL,SEVERE_OUTLIER;HEAVY_TAIL,,,,HEAVY_TAIL,MAJOR,"[MAJOR] [현상] outlier 성 fail 비율이 높게 나타납니다.
[과거사례] 참고할 수 있는 과거 사례가 없습니다. 
 [점검제안] outlier 성 fail 비율 높음 — 개별 die 산발 이상, contact/retest 재현성 확인"
TRIM_SEVOUT_L3_305,8,trim_axis,3,SEVERE_OUTLIER,fire,(조합),,,SEVERE_OUTLIER;HEAVY_TAIL,SEVERE_OUTLIER;HEAVY_TAIL,,,,HEAVY_TAIL,MAJOR,"[MAJOR] [현상] outlier 성 fail 비율이 높게 나타납니다.
[과거사례] 참고할 수 있는 과거 사례가 없습니다. 
 [점검제안] outlier 성 fail 비율 높음 — 개별 die 산발 이상, contact/retest 재현성 확인"
TRIM_SEVOUT_L4_306,8,trim_axis,4,SEVERE_OUTLIER,fire,(조합),,,SEVERE_OUTLIER;SPEC_TOO_TIGHT,SEVERE_OUTLIER;SPEC_TOO_TIGHT,,,,SPEC_TOO_TIGHT,MAJOR,"[MAJOR] [현상] outlier 성 fail 비율이 높게 나타납니다.
[과거사례] 참고할 수 있는 과거 사례가 없습니다. 
 [점검제안] outlier 성 fail 비율 높음 — 개별 die 산발 이상, contact/retest 재현성 확인"
TRIM_SEVOUT_L5_307,8,trim_axis,5,SEVERE_OUTLIER,fire,(조합),,,SEVERE_OUTLIER;SPEC_TOO_TIGHT,SEVERE_OUTLIER;SPEC_TOO_TIGHT,,,,SPEC_TOO_TIGHT,MAJOR,"[MAJOR] [현상] outlier 성 fail 비율이 높게 나타납니다.
[과거사례] 참고할 수 있는 과거 사례가 없습니다. 
 [점검제안] outlier 성 fail 비율 높음 — 개별 die 산발 이상, contact/retest 재현성 확인"
TRIM_SPECTIGHT_L1_308,8,trim_axis,1,SPEC_TOO_TIGHT,not_fire,(조합),,,UNKNOWN,UNKNOWN,,,,,MONITOR,"[MONITOR] [현상] fail 이 있으나 기존 룰로 설명되지 않는 상태입니다.
[과거사례] 참고할 수 있는 과거 사례가 없습니다. 
 [점검제안] 기존 signature 로 설명되지 않는 fail — 발화 사유(단위/limit/표본/조건)를 확인하고 새 불량유형 후보로 검토"
TRIM_SPECTIGHT_L2_309,8,trim_axis,2,SPEC_TOO_TIGHT,fire,(조합),,,SPEC_TOO_TIGHT,SPEC_TOO_TIGHT,,,,,MINOR,"[MINOR] [현상] 산포는 안정적이나 spec margin이 부족한 상태입니다.
[과거사례] 참고할 수 있는 과거 사례가 없습니다. 
 [점검제안] 분포는 양호(좁고·중앙·단봉)한데 cpk 낮음 — spec margin 자체 검토(spec_review)"
TRIM_SPECTIGHT_L3_310,8,trim_axis,3,SPEC_TOO_TIGHT,fire,(조합),,,SPEC_TOO_TIGHT,SPEC_TOO_TIGHT,,,,,MINOR,"[MINOR] [현상] 산포는 안정적이나 spec margin이 부족한 상태입니다.
[과거사례] 참고할 수 있는 과거 사례가 없습니다. 
 [점검제안] 분포는 양호(좁고·중앙·단봉)한데 cpk 낮음 — spec margin 자체 검토(spec_review)"
TRIM_SPECTIGHT_L4_311,8,trim_axis,4,SPEC_TOO_TIGHT,fire,(조합),,,SPEC_TOO_TIGHT,SPEC_TOO_TIGHT,,,,,MINOR,"[MINOR] [현상] 산포는 안정적이나 spec margin이 부족한 상태입니다.
[과거사례] 참고할 수 있는 과거 사례가 없습니다. 
 [점검제안] 분포는 양호(좁고·중앙·단봉)한데 cpk 낮음 — spec margin 자체 검토(spec_review)"
TRIM_SPECTIGHT_L5_312,8,trim_axis,5,SPEC_TOO_TIGHT,fire,(조합),,,SPEC_TOO_TIGHT,SPEC_TOO_TIGHT,,,,,MINOR,"[MINOR] [현상] 산포는 안정적이나 spec margin이 부족한 상태입니다.
[과거사례] 참고할 수 있는 과거 사례가 없습니다. 
 [점검제안] 분포는 양호(좁고·중앙·단봉)한데 cpk 낮음 — spec margin 자체 검토(spec_review)"
TRIM_WIDE_L1_298,8,trim_axis,1,WIDE_DISTRIBUTION,not_fire,(조합),,,UNKNOWN,UNKNOWN,,,,,MONITOR,"[MONITOR] [현상] fail 이 있으나 기존 룰로 설명되지 않는 상태입니다.
[과거사례] 참고할 수 있는 과거 사례가 없습니다. 
 [점검제안] 기존 signature 로 설명되지 않는 fail — 발화 사유(단위/limit/표본/조건)를 확인하고 새 불량유형 후보로 검토"
TRIM_WIDE_L2_299,8,trim_axis,2,WIDE_DISTRIBUTION,fire,(조합),,,WIDE_DISTRIBUTION;LOW_CPK,WIDE_DISTRIBUTION;LOW_CPK,,,,LOW_CPK,MAJOR,"[MAJOR] [현상] 산포가 spec 폭 대비 넓게 퍼져 있습니다.
[과거사례] 참고할 수 있는 과거 사례가 없습니다. 
 [점검제안] 산포가 spec 폭 대비 넓음 — 공정 변동 및 site/wafer 조건별 산포 차이 확인"
TRIM_WIDE_L3_300,8,trim_axis,3,WIDE_DISTRIBUTION,fire,(조합),,,WIDE_DISTRIBUTION;LOW_CPK,WIDE_DISTRIBUTION;LOW_CPK,,,,LOW_CPK,MAJOR,"[MAJOR] [현상] 산포가 spec 폭 대비 넓게 퍼져 있습니다.
[과거사례] 참고할 수 있는 과거 사례가 없습니다. 
 [점검제안] 산포가 spec 폭 대비 넓음 — 공정 변동 및 site/wafer 조건별 산포 차이 확인"
TRIM_WIDE_L4_301,8,trim_axis,4,WIDE_DISTRIBUTION,fire,(조합),,,WIDE_DISTRIBUTION;LOW_CPK,WIDE_DISTRIBUTION;LOW_CPK,,,,LOW_CPK,MAJOR,"[MAJOR] [현상] 산포가 spec 폭 대비 넓게 퍼져 있습니다.
[과거사례] 참고할 수 있는 과거 사례가 없습니다. 
 [점검제안] 산포가 spec 폭 대비 넓음 — 공정 변동 및 site/wafer 조건별 산포 차이 확인"
TRIM_WIDE_L5_302,8,trim_axis,5,WIDE_DISTRIBUTION,fire,(조합),,,BIDIR_TAIL;WIDE_DISTRIBUTION;LOW_CPK,WIDE_DISTRIBUTION;LOW_CPK,,,,BIDIR_TAIL;LOW_CPK,MAJOR,"[MAJOR] [현상] 산포가 spec 폭 대비 넓게 퍼져 있습니다.
[과거사례] 참고할 수 있는 과거 사례가 없습니다. 
 [점검제안] 산포가 spec 폭 대비 넓음 — 공정 변동 및 site/wafer 조건별 산포 차이 확인"
MIX2_GROSS-WIDE_L2_171,8,combo,2,GROSS_FAIL;WIDE_DISTRIBUTION,fire,(조합),,,GROSS_FAIL;WIDE_DISTRIBUTION;LOW_CPK,WIDE_DISTRIBUTION;LOW_CPK,,,,LOW_CPK,CRITICAL,"[CRITICAL] [현상] 산포가 spec 폭 대비 넓게 퍼져 있습니다.
[과거사례] 참고할 수 있는 과거 사례가 없습니다. 
 [점검제안] 산포가 spec 폭 대비 넓음 — 공정 변동 및 site/wafer 조건별 산포 차이 확인"
EDGEC_codeedgehit_4_357,9,boundary,3,CODE_RAIL,fire,code_edge_hit,0.052,0.0522,CODE_RAIL;SPEC_TOO_TIGHT;HEAVY_TAIL,HEAVY_TAIL;SPEC_TOO_TIGHT,,,,SPEC_TOO_TIGHT;HEAVY_TAIL,MINOR,"[MINOR] [현상] 분포 꼬리가 두껍게 나타납니다.
[과거사례] 참고할 수 있는 과거 사례가 없습니다. 
 [점검제안] 분포 꼬리가 두꺼움(간헐 spike) — 산발 이상치 원인(contact/노이즈) 관찰"
EDGEC_codeedgehit_5_358,9,boundary,3,CODE_RAIL,fire,code_edge_hit,0.06,0.0603,CODE_RAIL;SPEC_TOO_TIGHT,SPEC_TOO_TIGHT,,,,SPEC_TOO_TIGHT,MINOR,"[MINOR] [현상] 산포는 안정적이나 spec margin이 부족한 상태입니다.
[과거사례] 참고할 수 있는 과거 사례가 없습니다. 
 [점검제안] 분포는 양호(좁고·중앙·단봉)한데 cpk 낮음 — spec margin 자체 검토(spec_review)"
EDGEC_codeedgehit_6_359,9,boundary,3,CODE_RAIL,fire,code_edge_hit,0.08,0.0799,CODE_RAIL;SPEC_TOO_TIGHT,SPEC_TOO_TIGHT,,,,SPEC_TOO_TIGHT,MINOR,"[MINOR] [현상] 산포는 안정적이나 spec margin이 부족한 상태입니다.
[과거사례] 참고할 수 있는 과거 사례가 없습니다. 
 [점검제안] 분포는 양호(좁고·중앙·단봉)한데 cpk 낮음 — spec margin 자체 검토(spec_review)"
EDGEC_constant_1p25_360,9,boundary,3,CONSTANT_VALUE,fire,stdev,0.0,0.0,CONSTANT_VALUE,UNKNOWN,,,,,MONITOR,"[MONITOR] [현상] fail 이 있으나 기존 룰로 설명되지 않는 상태입니다.
[과거사례] 참고할 수 있는 과거 사례가 없습니다. 
 [점검제안] 기존 signature 로 설명되지 않는 fail — 발화 사유(단위/limit/표본/조건)를 확인하고 새 불량유형 후보로 검토"
EDGEC_constant_1p4_362,9,boundary,1,CONSTANT_VALUE,not_fire,stdev,0.0,0.0,MEAN_SHIFT,MEAN_SHIFT,,,,MEAN_SHIFT,MINOR,"[MINOR] [현상] 분포 중심이 한쪽 spec으로 치우쳐 있습니다.
[과거사례] 참고할 수 있는 과거 사례가 없습니다. 
 [점검제안] 분포 중심이 한쪽 spec 으로 치우침 — offset/센터링 trim 검토"
EDGEC_constant_1p5_361,9,boundary,3,CONSTANT_VALUE,fire,stdev,0.0,0.0,CONSTANT_VALUE,UNKNOWN,,,,,MONITOR,"[MONITOR] [현상] fail 이 있으나 기존 룰로 설명되지 않는 상태입니다.
[과거사례] 참고할 수 있는 과거 사례가 없습니다. 
 [점검제안] 기존 signature 로 설명되지 않는 fail — 발화 사유(단위/limit/표본/조건)를 확인하고 새 불량유형 후보로 검토"
EDGEC_constant_1p8_363,9,boundary,1,CONSTANT_VALUE,not_fire,stdev,0.0,0.0,LOW_CPK;MEAN_SHIFT,LOW_CPK;MEAN_SHIFT,,,,LOW_CPK;MEAN_SHIFT,MAJOR,"[MAJOR] [현상] 공정능력지수(Cpk)가 기준(1.33) 미달입니다.
[과거사례] 참고할 수 있는 과거 사례가 없습니다. 
 [점검제안] 공정능력지수 미달(cpk<1.33) — 산포/센터링 근본 점검"
MIX1_HEAVYTAIL_L2_074_492,9,mixed,2,HEAVY_TAIL,fire,(조합),,,HEAVY_TAIL,HEAVY_TAIL,,,,,MINOR,"[MINOR] [현상] 분포 꼬리가 두껍게 나타납니다.
[과거사례] 참고할 수 있는 과거 사례가 없습니다. 
 [점검제안] 분포 꼬리가 두꺼움(간헐 spike) — 산발 이상치 원인(contact/노이즈) 관찰"
MIX1_HEAVYTAIL_L3_000_418,9,mixed,3,HEAVY_TAIL,fire,(조합),,,HEAVY_TAIL,HEAVY_TAIL,,,,,MINOR,"[MINOR] [현상] 분포 꼬리가 두껍게 나타납니다.
[과거사례] 참고할 수 있는 과거 사례가 없습니다. 
 [점검제안] 분포 꼬리가 두꺼움(간헐 spike) — 산발 이상치 원인(contact/노이즈) 관찰"
MIX1_HEAVYTAIL_L3_014_432,9,mixed,3,HEAVY_TAIL,fire,(조합),,,HEAVY_TAIL,HEAVY_TAIL,,,,,MINOR,"[MINOR] [현상] 분포 꼬리가 두껍게 나타납니다.
[과거사례] 참고할 수 있는 과거 사례가 없습니다. 
 [점검제안] 분포 꼬리가 두꺼움(간헐 spike) — 산발 이상치 원인(contact/노이즈) 관찰"
MIX1_HEAVYTAIL_L4_027_445,9,mixed,4,HEAVY_TAIL,fire,(조합),,,HEAVY_TAIL,HEAVY_TAIL,,,,,MINOR,"[MINOR] [현상] 분포 꼬리가 두껍게 나타납니다.
[과거사례] 참고할 수 있는 과거 사례가 없습니다. 
 [점검제안] 분포 꼬리가 두꺼움(간헐 spike) — 산발 이상치 원인(contact/노이즈) 관찰"
MIX1_MEANSHIFT_L5_007_425,9,mixed,5,MEAN_SHIFT,fire,(조합),,,LOW_CPK;MEAN_SHIFT,LOW_CPK;MEAN_SHIFT,,,,LOW_CPK,MAJOR,"[MAJOR] [현상] 공정능력지수(Cpk)가 기준(1.33) 미달입니다.
[과거사례] 참고할 수 있는 과거 사례가 없습니다. 
 [점검제안] 공정능력지수 미달(cpk<1.33) — 산포/센터링 근본 점검"
MIX1_OUTWARN_L2_004_422,9,mixed,2,OUTLIER_WARN,fire,(조합),,,OUTLIER_WARN;HEAVY_TAIL,OUTLIER_WARN;HEAVY_TAIL,,,,HEAVY_TAIL,MINOR,"[MINOR] [현상] outlier 비율이 주의 수준으로 관찰됩니다.
[과거사례] 참고할 수 있는 과거 사례가 없습니다. 
 [점검제안] outlier 비율 주의 수준 — 개별 die 산발 이상 여부 관찰"
MIX1_OUTWARN_L4_037_455,9,mixed,4,OUTLIER_WARN,fire,(조합),,,OUTLIER_WARN;HEAVY_TAIL,OUTLIER_WARN;HEAVY_TAIL,,,,HEAVY_TAIL,MINOR,"[MINOR] [현상] outlier 비율이 주의 수준으로 관찰됩니다.
[과거사례] 참고할 수 있는 과거 사례가 없습니다. 
 [점검제안] outlier 비율 주의 수준 — 개별 die 산발 이상 여부 관찰"
MIX1_OUTWARN_L4_072_490,9,mixed,4,OUTLIER_WARN,fire,(조합),,,OUTLIER_WARN;HEAVY_TAIL,OUTLIER_WARN;HEAVY_TAIL,,,,HEAVY_TAIL,MINOR,"[MINOR] [현상] outlier 비율이 주의 수준으로 관찰됩니다.
[과거사례] 참고할 수 있는 과거 사례가 없습니다. 
 [점검제안] outlier 비율 주의 수준 — 개별 die 산발 이상 여부 관찰"
MIX1_OUTWARN_L5_046_464,9,mixed,5,OUTLIER_WARN,fire,(조합),,,OUTLIER_WARN;HEAVY_TAIL,OUTLIER_WARN;HEAVY_TAIL,,,,HEAVY_TAIL,MINOR,"[MINOR] [현상] outlier 비율이 주의 수준으로 관찰됩니다.
[과거사례] 참고할 수 있는 과거 사례가 없습니다. 
 [점검제안] outlier 비율 주의 수준 — 개별 die 산발 이상 여부 관찰"
MIX1_SEVOUT_L2_030_448,9,mixed,2,SEVERE_OUTLIER,fire,(조합),,,SEVERE_OUTLIER;HEAVY_TAIL,SEVERE_OUTLIER;HEAVY_TAIL,,,,HEAVY_TAIL,MAJOR,"[MAJOR] [현상] outlier 성 fail 비율이 높게 나타납니다.
[과거사례] 참고할 수 있는 과거 사례가 없습니다. 
 [점검제안] outlier 성 fail 비율 높음 — 개별 die 산발 이상, contact/retest 재현성 확인"
MIX1_SEVOUT_L5_042_460,9,mixed,5,SEVERE_OUTLIER,fire,(조합),,,SEVERE_OUTLIER;SPEC_TOO_TIGHT,SEVERE_OUTLIER;SPEC_TOO_TIGHT,,,,SPEC_TOO_TIGHT,MAJOR,"[MAJOR] [현상] outlier 성 fail 비율이 높게 나타납니다.
[과거사례] 참고할 수 있는 과거 사례가 없습니다. 
 [점검제안] outlier 성 fail 비율 높음 — 개별 die 산발 이상, contact/retest 재현성 확인"
MIX1_SEVOUT_L5_061_479,9,mixed,5,SEVERE_OUTLIER,fire,(조합),,,SEVERE_OUTLIER;SPEC_TOO_TIGHT,SEVERE_OUTLIER;SPEC_TOO_TIGHT,,,,SPEC_TOO_TIGHT,MAJOR,"[MAJOR] [현상] outlier 성 fail 비율이 높게 나타납니다.
[과거사례] 참고할 수 있는 과거 사례가 없습니다. 
 [점검제안] outlier 성 fail 비율 높음 — 개별 die 산발 이상, contact/retest 재현성 확인"
MIX1_SPECTIGHT_L2_043_461,9,mixed,2,SPEC_TOO_TIGHT,fire,(조합),,,SPEC_TOO_TIGHT,SPEC_TOO_TIGHT,,,,,MINOR,"[MINOR] [현상] 산포는 안정적이나 spec margin이 부족한 상태입니다.
[과거사례] 참고할 수 있는 과거 사례가 없습니다. 
 [점검제안] 분포는 양호(좁고·중앙·단봉)한데 cpk 낮음 — spec margin 자체 검토(spec_review)"
MIX1_SPECTIGHT_L4_056_474,9,mixed,4,SPEC_TOO_TIGHT,fire,(조합),,,SPEC_TOO_TIGHT,SPEC_TOO_TIGHT,,,,,MINOR,"[MINOR] [현상] 산포는 안정적이나 spec margin이 부족한 상태입니다.
[과거사례] 참고할 수 있는 과거 사례가 없습니다. 
 [점검제안] 분포는 양호(좁고·중앙·단봉)한데 cpk 낮음 — spec margin 자체 검토(spec_review)"
MIX1_SUBPOP_L2_009_427,9,mixed,2,SUBPOP_GAP,fire,(조합),,,SUBPOP_GAP,SUBPOP_GAP,,,,,MAJOR,"[MAJOR][이봉] [현상] 분포가 2개 level로 분리되는 양상입니다.
[과거사례] 참고할 수 있는 과거 사례가 없습니다. 
 [점검제안] 분포가 두 무리로 분리(이봉) — 로트/장비 혼입·조건 이원화 점검"
MIX1_SUBPOP_L2_017_435,9,mixed,2,SUBPOP_GAP,fire,(조합),,,SUBPOP_GAP,SUBPOP_GAP,,,,,MAJOR,"[MAJOR][이봉] [현상] 분포가 2개 level로 분리되는 양상입니다.
[과거사례] 참고할 수 있는 과거 사례가 없습니다. 
 [점검제안] 분포가 두 무리로 분리(이봉) — 로트/장비 혼입·조건 이원화 점검"
MIX1_WIDE_L2_065_483,9,mixed,2,WIDE_DISTRIBUTION,fire,(조합),,,WIDE_DISTRIBUTION;LOW_CPK,WIDE_DISTRIBUTION;LOW_CPK,,,,LOW_CPK,MAJOR,"[MAJOR] [현상] 산포가 spec 폭 대비 넓게 퍼져 있습니다.
[과거사례] 참고할 수 있는 과거 사례가 없습니다. 
 [점검제안] 산포가 spec 폭 대비 넓음 — 공정 변동 및 site/wafer 조건별 산포 차이 확인"
MIX1_WIDE_L4_032_450,9,mixed,4,WIDE_DISTRIBUTION,fire,(조합),,,WIDE_DISTRIBUTION;LOW_CPK,WIDE_DISTRIBUTION;LOW_CPK,,,,LOW_CPK,MAJOR,"[MAJOR] [현상] 산포가 spec 폭 대비 넓게 퍼져 있습니다.
[과거사례] 참고할 수 있는 과거 사례가 없습니다. 
 [점검제안] 산포가 spec 폭 대비 넓음 — 공정 변동 및 site/wafer 조건별 산포 차이 확인"
MIX2_HEAVYTAIL-SPECTIGHT_L2_040_458,9,mixed,2,HEAVY_TAIL;SPEC_TOO_TIGHT,fire,(조합),,,HEAVY_TAIL;SPEC_TOO_TIGHT,HEAVY_TAIL;SPEC_TOO_TIGHT,,,,,MINOR,"[MINOR] [현상] 분포 꼬리가 두껍게 나타납니다.
[과거사례] 참고할 수 있는 과거 사례가 없습니다. 
 [점검제안] 분포 꼬리가 두꺼움(간헐 spike) — 산발 이상치 원인(contact/노이즈) 관찰"
MIX2_MEANSHIFT-HEAVYTAIL_L2_026_444,9,mixed,2,MEAN_SHIFT;HEAVY_TAIL,fire,(조합),,,MEAN_SHIFT;HEAVY_TAIL,MEAN_SHIFT;HEAVY_TAIL,,,,,MINOR,"[MINOR] [현상] 분포 중심이 한쪽 spec으로 치우쳐 있습니다.
[과거사례] 참고할 수 있는 과거 사례가 없습니다. 
 [점검제안] 분포 중심이 한쪽 spec 으로 치우침 — offset/센터링 trim 검토"
MIX2_MEANSHIFT-HEAVYTAIL_L3_033_451,9,mixed,3,MEAN_SHIFT;HEAVY_TAIL,fire,(조합),,,MEAN_SHIFT;HEAVY_TAIL,MEAN_SHIFT;HEAVY_TAIL,,,,,MINOR,"[MINOR] [현상] 분포 중심이 한쪽 spec으로 치우쳐 있습니다.
[과거사례] 참고할 수 있는 과거 사례가 없습니다. 
 [점검제안] 분포 중심이 한쪽 spec 으로 치우침 — offset/센터링 trim 검토"
MIX2_MEANSHIFT-SEVOUT_L3_041_459,9,mixed,3,MEAN_SHIFT;SEVERE_OUTLIER,fire,(조합),,,SEVERE_OUTLIER;LOW_CPK;MEAN_SHIFT;HEAVY_TAIL,SEVERE_OUTLIER;LOW_CPK;MEAN_SHIFT;HEAVY_TAIL,,,,LOW_CPK;HEAVY_TAIL,MAJOR,"[MAJOR] [현상] outlier 성 fail 비율이 높게 나타납니다.
[과거사례] 참고할 수 있는 과거 사례가 없습니다. 
 [점검제안] outlier 성 fail 비율 높음 — 개별 die 산발 이상, contact/retest 재현성 확인"
MIX2_OUTWARN-SPECTIGHT_L4_006_424,9,mixed,4,OUTLIER_WARN;SPEC_TOO_TIGHT,fire,(조합),,,OUTLIER_WARN;SPEC_TOO_TIGHT;HEAVY_TAIL,OUTLIER_WARN;SPEC_TOO_TIGHT;HEAVY_TAIL,,,,HEAVY_TAIL,MINOR,"[MINOR] [현상] outlier 비율이 주의 수준으로 관찰됩니다.
[과거사례] 참고할 수 있는 과거 사례가 없습니다. 
 [점검제안] outlier 비율 주의 수준 — 개별 die 산발 이상 여부 관찰"
MIX2_SEVOUT-MEANSHIFT_L4_050_468,9,mixed,4,SEVERE_OUTLIER;MEAN_SHIFT,fire,(조합),,,SEVERE_OUTLIER;LOW_CPK;MEAN_SHIFT,SEVERE_OUTLIER;LOW_CPK;MEAN_SHIFT,,,,LOW_CPK,MAJOR,"[MAJOR] [현상] outlier 성 fail 비율이 높게 나타납니다.
[과거사례] 참고할 수 있는 과거 사례가 없습니다. 
 [점검제안] outlier 성 fail 비율 높음 — 개별 die 산발 이상, contact/retest 재현성 확인"
MIX2_SEVOUT-SPECTIGHT_L3_049_467,9,mixed,3,SEVERE_OUTLIER;SPEC_TOO_TIGHT,fire,(조합),,,SEVERE_OUTLIER;SPEC_TOO_TIGHT;HEAVY_TAIL,SEVERE_OUTLIER;SPEC_TOO_TIGHT;HEAVY_TAIL,,,,HEAVY_TAIL,MAJOR,"[MAJOR] [현상] outlier 성 fail 비율이 높게 나타납니다.
[과거사례] 참고할 수 있는 과거 사례가 없습니다. 
 [점검제안] outlier 성 fail 비율 높음 — 개별 die 산발 이상, contact/retest 재현성 확인"
MIX2_SEVOUT-WIDE_L5_034_452,9,mixed,5,SEVERE_OUTLIER;WIDE_DISTRIBUTION,fire,(조합),,,SEVERE_OUTLIER;WIDE_DISTRIBUTION;BIDIR_TAIL;LOW_CPK;MEAN_SHIFT,SEVERE_OUTLIER;WIDE_DISTRIBUTION;LOW_CPK;MEAN_SHIFT,,,,BIDIR_TAIL;LOW_CPK;MEAN_SHIFT,MAJOR,"[MAJOR] [현상] outlier 성 fail 비율이 높게 나타납니다.
[과거사례] 참고할 수 있는 과거 사례가 없습니다. 
 [점검제안] outlier 성 fail 비율 높음 — 개별 die 산발 이상, contact/retest 재현성 확인"
MIX2_SPECTIGHT-HEAVYTAIL_L5_023_441,9,mixed,5,SPEC_TOO_TIGHT;HEAVY_TAIL,fire,(조합),,,HEAVY_TAIL;SPEC_TOO_TIGHT,HEAVY_TAIL;SPEC_TOO_TIGHT,,,,,MINOR,"[MINOR] [현상] 분포 꼬리가 두껍게 나타납니다.
[과거사례] 참고할 수 있는 과거 사례가 없습니다. 
 [점검제안] 분포 꼬리가 두꺼움(간헐 spike) — 산발 이상치 원인(contact/노이즈) 관찰"
MIX2_SPECTIGHT-SEVOUT_L4_024_442,9,mixed,4,SPEC_TOO_TIGHT;SEVERE_OUTLIER,fire,(조합),,,SEVERE_OUTLIER;SPEC_TOO_TIGHT;BIDIR_TAIL,SEVERE_OUTLIER;SPEC_TOO_TIGHT,,,,BIDIR_TAIL,MAJOR,"[MAJOR] [현상] outlier 성 fail 비율이 높게 나타납니다.
[과거사례] 참고할 수 있는 과거 사례가 없습니다. 
 [점검제안] outlier 성 fail 비율 높음 — 개별 die 산발 이상, contact/retest 재현성 확인"
MIX2_SUBPOP-MEANSHIFT_L2_052_470,9,mixed,2,SUBPOP_GAP;MEAN_SHIFT,fire,(조합),,,SUBPOP_GAP;LOW_CPK;MEAN_SHIFT,SUBPOP_GAP;LOW_CPK;MEAN_SHIFT,,,,LOW_CPK,MAJOR,"[MAJOR][이봉] [현상] 분포가 2개 level로 분리되는 양상입니다.
[과거사례] 참고할 수 있는 과거 사례가 없습니다. 
 [점검제안] 분포가 두 무리로 분리(이봉) — 로트/장비 혼입·조건 이원화 점검"
MIX2_SUBPOP-MEANSHIFT_L5_019_437,9,mixed,5,SUBPOP_GAP;MEAN_SHIFT,fire,(조합),,,WIDE_DISTRIBUTION;LOW_CPK;MEAN_SHIFT;SUBPOP_GAP,WIDE_DISTRIBUTION;LOW_CPK;MEAN_SHIFT;SUBPOP_GAP,,,,WIDE_DISTRIBUTION;LOW_CPK,MAJOR,"[MAJOR][다봉] [현상] 산포가 spec 폭 대비 넓게 퍼져 있습니다.
[과거사례] 참고할 수 있는 과거 사례가 없습니다. 
 [점검제안] 산포가 spec 폭 대비 넓음 — 공정 변동 및 site/wafer 조건별 산포 차이 확인"
MIX3_MEANSHIFT-SEVOUT-WIDE_L3_064_482,9,mixed,3,MEAN_SHIFT;SEVERE_OUTLIER;WIDE_DISTRIBUTION,fire,(조합),,,SEVERE_OUTLIER;WIDE_DISTRIBUTION;BIDIR_TAIL;LOW_CPK;MEAN_SHIFT;HEAVY_TAIL,SEVERE_OUTLIER;WIDE_DISTRIBUTION;LOW_CPK;MEAN_SHIFT;HEAVY_TAIL,,,,BIDIR_TAIL;LOW_CPK;HEAVY_TAIL,MAJOR,"[MAJOR] [현상] outlier 성 fail 비율이 높게 나타납니다.
[과거사례] 참고할 수 있는 과거 사례가 없습니다. 
 [점검제안] outlier 성 fail 비율 높음 — 개별 die 산발 이상, contact/retest 재현성 확인"
NORMAL_002_366,9,normal,1,,not_fire,spread_norm,0.0675,0.066,UNKNOWN,UNKNOWN,,,,,MONITOR,"[MONITOR] [현상] fail 이 있으나 기존 룰로 설명되지 않는 상태입니다.
[과거사례] 참고할 수 있는 과거 사례가 없습니다. 
 [점검제안] 기존 signature 로 설명되지 않는 fail — 발화 사유(단위/limit/표본/조건)를 확인하고 새 불량유형 후보로 검토"
NORMAL_004_368,9,normal,1,,not_fire,spread_norm,0.0309,0.0295,UNKNOWN,UNKNOWN,,,,,MONITOR,"[MONITOR] [현상] fail 이 있으나 기존 룰로 설명되지 않는 상태입니다.
[과거사례] 참고할 수 있는 과거 사례가 없습니다. 
 [점검제안] 기존 signature 로 설명되지 않는 fail — 발화 사유(단위/limit/표본/조건)를 확인하고 새 불량유형 후보로 검토"
NORMAL_005_369,9,normal,1,,not_fire,spread_norm,0.0619,0.0606,UNKNOWN,UNKNOWN,,,,,MONITOR,"[MONITOR] [현상] fail 이 있으나 기존 룰로 설명되지 않는 상태입니다.
[과거사례] 참고할 수 있는 과거 사례가 없습니다. 
 [점검제안] 기존 signature 로 설명되지 않는 fail — 발화 사유(단위/limit/표본/조건)를 확인하고 새 불량유형 후보로 검토"
NORMAL_008_372,9,normal,1,,not_fire,spread_norm,0.0398,0.0392,UNKNOWN,UNKNOWN,,,,,MONITOR,"[MONITOR] [현상] fail 이 있으나 기존 룰로 설명되지 않는 상태입니다.
[과거사례] 참고할 수 있는 과거 사례가 없습니다. 
 [점검제안] 기존 signature 로 설명되지 않는 fail — 발화 사유(단위/limit/표본/조건)를 확인하고 새 불량유형 후보로 검토"
NORMAL_009_373,9,normal,1,,not_fire,spread_norm,0.0669,0.0674,UNKNOWN,UNKNOWN,,,,,MONITOR,"[MONITOR] [현상] fail 이 있으나 기존 룰로 설명되지 않는 상태입니다.
[과거사례] 참고할 수 있는 과거 사례가 없습니다. 
 [점검제안] 기존 signature 로 설명되지 않는 fail — 발화 사유(단위/limit/표본/조건)를 확인하고 새 불량유형 후보로 검토"
NORMAL_017_381,9,normal,1,,not_fire,spread_norm,0.0834,0.0827,UNKNOWN,UNKNOWN,,,,,MONITOR,"[MONITOR] [현상] fail 이 있으나 기존 룰로 설명되지 않는 상태입니다.
[과거사례] 참고할 수 있는 과거 사례가 없습니다. 
 [점검제안] 기존 signature 로 설명되지 않는 fail — 발화 사유(단위/limit/표본/조건)를 확인하고 새 불량유형 후보로 검토"
NORMAL_019_383,9,normal,1,,not_fire,spread_norm,0.0442,0.0437,UNKNOWN,UNKNOWN,,,,,MONITOR,"[MONITOR] [현상] fail 이 있으나 기존 룰로 설명되지 않는 상태입니다.
[과거사례] 참고할 수 있는 과거 사례가 없습니다. 
 [점검제안] 기존 signature 로 설명되지 않는 fail — 발화 사유(단위/limit/표본/조건)를 확인하고 새 불량유형 후보로 검토"
NORMAL_020_384,9,normal,1,,not_fire,spread_norm,0.0385,0.0376,UNKNOWN,UNKNOWN,,,,,MONITOR,"[MONITOR] [현상] fail 이 있으나 기존 룰로 설명되지 않는 상태입니다.
[과거사례] 참고할 수 있는 과거 사례가 없습니다. 
 [점검제안] 기존 signature 로 설명되지 않는 fail — 발화 사유(단위/limit/표본/조건)를 확인하고 새 불량유형 후보로 검토"
NORMAL_028_392,9,normal,1,,not_fire,spread_norm,0.0668,0.0669,UNKNOWN,UNKNOWN,,,,,MONITOR,"[MONITOR] [현상] fail 이 있으나 기존 룰로 설명되지 않는 상태입니다.
[과거사례] 참고할 수 있는 과거 사례가 없습니다. 
 [점검제안] 기존 signature 로 설명되지 않는 fail — 발화 사유(단위/limit/표본/조건)를 확인하고 새 불량유형 후보로 검토"
NORMAL_030_394,9,normal,1,,not_fire,spread_norm,0.0778,0.0816,UNKNOWN,UNKNOWN,,,,,MONITOR,"[MONITOR] [현상] fail 이 있으나 기존 룰로 설명되지 않는 상태입니다.
[과거사례] 참고할 수 있는 과거 사례가 없습니다. 
 [점검제안] 기존 signature 로 설명되지 않는 fail — 발화 사유(단위/limit/표본/조건)를 확인하고 새 불량유형 후보로 검토"
NORMAL_031_395,9,normal,1,,not_fire,spread_norm,0.0344,0.0346,UNKNOWN,UNKNOWN,,,,,MONITOR,"[MONITOR] [현상] fail 이 있으나 기존 룰로 설명되지 않는 상태입니다.
[과거사례] 참고할 수 있는 과거 사례가 없습니다. 
 [점검제안] 기존 signature 로 설명되지 않는 fail — 발화 사유(단위/limit/표본/조건)를 확인하고 새 불량유형 후보로 검토"
NORMAL_032_396,9,normal,1,,not_fire,spread_norm,0.0731,0.0692,UNKNOWN,UNKNOWN,,,,,MONITOR,"[MONITOR] [현상] fail 이 있으나 기존 룰로 설명되지 않는 상태입니다.
[과거사례] 참고할 수 있는 과거 사례가 없습니다. 
 [점검제안] 기존 signature 로 설명되지 않는 fail — 발화 사유(단위/limit/표본/조건)를 확인하고 새 불량유형 후보로 검토"
NORMAL_036_400,9,normal,1,,not_fire,spread_norm,0.0824,0.0828,UNKNOWN,UNKNOWN,,,,,MONITOR,"[MONITOR] [현상] fail 이 있으나 기존 룰로 설명되지 않는 상태입니다.
[과거사례] 참고할 수 있는 과거 사례가 없습니다. 
 [점검제안] 기존 signature 로 설명되지 않는 fail — 발화 사유(단위/limit/표본/조건)를 확인하고 새 불량유형 후보로 검토"
NORMAL_037_401,9,normal,1,,not_fire,spread_norm,0.0455,0.045,UNKNOWN,UNKNOWN,,,,,MONITOR,"[MONITOR] [현상] fail 이 있으나 기존 룰로 설명되지 않는 상태입니다.
[과거사례] 참고할 수 있는 과거 사례가 없습니다. 
 [점검제안] 기존 signature 로 설명되지 않는 fail — 발화 사유(단위/limit/표본/조건)를 확인하고 새 불량유형 후보로 검토"
NORMAL_040_404,9,normal,1,,not_fire,spread_norm,0.0285,0.0277,UNKNOWN,UNKNOWN,,,,,MONITOR,"[MONITOR] [현상] fail 이 있으나 기존 룰로 설명되지 않는 상태입니다.
[과거사례] 참고할 수 있는 과거 사례가 없습니다. 
 [점검제안] 기존 signature 로 설명되지 않는 fail — 발화 사유(단위/limit/표본/조건)를 확인하고 새 불량유형 후보로 검토"
NORMAL_041_405,9,normal,1,,not_fire,spread_norm,0.0336,0.0343,UNKNOWN,UNKNOWN,,,,,MONITOR,"[MONITOR] [현상] fail 이 있으나 기존 룰로 설명되지 않는 상태입니다.
[과거사례] 참고할 수 있는 과거 사례가 없습니다. 
 [점검제안] 기존 signature 로 설명되지 않는 fail — 발화 사유(단위/limit/표본/조건)를 확인하고 새 불량유형 후보로 검토"
NORMAL_045_409,9,normal,1,,not_fire,spread_norm,0.0612,0.0597,UNKNOWN,UNKNOWN,,,,,MONITOR,"[MONITOR] [현상] fail 이 있으나 기존 룰로 설명되지 않는 상태입니다.
[과거사례] 참고할 수 있는 과거 사례가 없습니다. 
 [점검제안] 기존 signature 로 설명되지 않는 fail — 발화 사유(단위/limit/표본/조건)를 확인하고 새 불량유형 후보로 검토"
NORMAL_047_411,9,normal,1,,not_fire,spread_norm,0.088,0.0892,UNKNOWN,UNKNOWN,,,,,MONITOR,"[MONITOR] [현상] fail 이 있으나 기존 룰로 설명되지 않는 상태입니다.
[과거사례] 참고할 수 있는 과거 사례가 없습니다. 
 [점검제안] 기존 signature 로 설명되지 않는 fail — 발화 사유(단위/limit/표본/조건)를 확인하고 새 불량유형 후보로 검토"
NORMAL_048_412,9,normal,1,,not_fire,spread_norm,0.0296,0.0285,UNKNOWN,UNKNOWN,,,,,MONITOR,"[MONITOR] [현상] fail 이 있으나 기존 룰로 설명되지 않는 상태입니다.
[과거사례] 참고할 수 있는 과거 사례가 없습니다. 
 [점검제안] 기존 signature 로 설명되지 않는 fail — 발화 사유(단위/limit/표본/조건)를 확인하고 새 불량유형 후보로 검토"
NORMAL_051_415,9,normal,1,,not_fire,spread_norm,0.0438,0.0436,UNKNOWN,UNKNOWN,,,,,MONITOR,"[MONITOR] [현상] fail 이 있으나 기존 룰로 설명되지 않는 상태입니다.
[과거사례] 참고할 수 있는 과거 사례가 없습니다. 
 [점검제안] 기존 signature 로 설명되지 않는 fail — 발화 사유(단위/limit/표본/조건)를 확인하고 새 불량유형 후보로 검토"
NORMAL_053_417,9,normal,1,,not_fire,spread_norm,0.0726,0.0733,UNKNOWN,UNKNOWN,,,,,MONITOR,"[MONITOR] [현상] fail 이 있으나 기존 룰로 설명되지 않는 상태입니다.
[과거사례] 참고할 수 있는 과거 사례가 없습니다. 
 [점검제안] 기존 signature 로 설명되지 않는 fail — 발화 사유(단위/limit/표본/조건)를 확인하고 새 불량유형 후보로 검토"
WAFER_GRADIENT_L4_098,9,single,4,WAFER_GRADIENT,fire,gradient_norm_abs_max,0.75,0.745,WAFER_GRADIENT,UNKNOWN,,,,,MONITOR,"[MONITOR] [현상] fail 이 있으나 기존 룰로 설명되지 않는 상태입니다.
[과거사례] 참고할 수 있는 과거 사례가 없습니다. 
 [점검제안] 기존 signature 로 설명되지 않는 fail — 발화 사유(단위/limit/표본/조건)를 확인하고 새 불량유형 후보로 검토"
NORMAL_035_399,10,normal,1,,not_fire,spread_norm,0.0616,0.064,UNKNOWN,UNKNOWN,,,,,MONITOR,"[MONITOR] [현상] fail 이 있으나 기존 룰로 설명되지 않는 상태입니다.
[과거사례] 참고할 수 있는 과거 사례가 없습니다. 
 [점검제안] 기존 signature 로 설명되지 않는 fail — 발화 사유(단위/limit/표본/조건)를 확인하고 새 불량유형 후보로 검토"
WAFER_GRADIENT_L3_097,10,single,3,WAFER_GRADIENT,fire,gradient_norm_abs_max,0.55,0.5563,WAFER_GRADIENT,UNKNOWN,,,,,MONITOR,"[MONITOR] [현상] fail 이 있으나 기존 룰로 설명되지 않는 상태입니다.
[과거사례] 참고할 수 있는 과거 사례가 없습니다. 
 [점검제안] 기존 signature 로 설명되지 않는 fail — 발화 사유(단위/limit/표본/조건)를 확인하고 새 불량유형 후보로 검토"
WAFER_GRADIENT_L2_096,11,single,2,WAFER_GRADIENT,fire,gradient_norm_abs_max,0.35,0.347,WAFER_GRADIENT,UNKNOWN,,,,,MONITOR,"[MONITOR] [현상] fail 이 있으나 기존 룰로 설명되지 않는 상태입니다.
[과거사례] 참고할 수 있는 과거 사례가 없습니다. 
 [점검제안] 기존 signature 로 설명되지 않는 fail — 발화 사유(단위/limit/표본/조건)를 확인하고 새 불량유형 후보로 검토"
CLUSTER_FAIL_L1_090,12,single,1,CLUSTER_FAIL,not_fire,quadrant_imbalance,0.5,0.6404,UNKNOWN,UNKNOWN,,,,,MONITOR,"[MONITOR] [현상] fail 이 있으나 기존 룰로 설명되지 않는 상태입니다.
[과거사례] 참고할 수 있는 과거 사례가 없습니다. 
 [점검제안] 기존 signature 로 설명되지 않는 fail — 발화 사유(단위/limit/표본/조건)를 확인하고 새 불량유형 후보로 검토"
CLUSTER_FAIL_L2_091,12,single,2,CLUSTER_FAIL,fire,quadrant_imbalance,1.1,1.079,CLUSTER_FAIL,UNKNOWN,,,,,MONITOR,"[MONITOR] [현상] fail 이 있으나 기존 룰로 설명되지 않는 상태입니다.
[과거사례] 참고할 수 있는 과거 사례가 없습니다. 
 [점검제안] 기존 signature 로 설명되지 않는 fail — 발화 사유(단위/limit/표본/조건)를 확인하고 새 불량유형 후보로 검토"
CLUSTER_FAIL_L3_092,12,single,3,CLUSTER_FAIL,fire,quadrant_imbalance,2.0,2.0298,CLUSTER_FAIL,UNKNOWN,,,,,MONITOR,"[MONITOR] [현상] fail 이 있으나 기존 룰로 설명되지 않는 상태입니다.
[과거사례] 참고할 수 있는 과거 사례가 없습니다. 
 [점검제안] 기존 signature 로 설명되지 않는 fail — 발화 사유(단위/limit/표본/조건)를 확인하고 새 불량유형 후보로 검토"
CLUSTER_FAIL_L4_093,12,single,4,CLUSTER_FAIL,fire,quadrant_imbalance,3.0,2.9964,CLUSTER_FAIL,UNKNOWN,,,,,MONITOR,"[MONITOR] [현상] fail 이 있으나 기존 룰로 설명되지 않는 상태입니다.
[과거사례] 참고할 수 있는 과거 사례가 없습니다. 
 [점검제안] 기존 signature 로 설명되지 않는 fail — 발화 사유(단위/limit/표본/조건)를 확인하고 새 불량유형 후보로 검토"
CLUSTER_FAIL_L5_094,12,single,5,CLUSTER_FAIL,fire,quadrant_imbalance,3.9,3.893,CLUSTER_FAIL,UNKNOWN,,,,,MONITOR,"[MONITOR] [현상] fail 이 있으나 기존 룰로 설명되지 않는 상태입니다.
[과거사례] 참고할 수 있는 과거 사례가 없습니다. 
 [점검제안] 기존 signature 로 설명되지 않는 fail — 발화 사유(단위/limit/표본/조건)를 확인하고 새 불량유형 후보로 검토"
WAFER_GRADIENT_L1_095,12,single,1,WAFER_GRADIENT,not_fire,gradient_norm_abs_max,0.15,0.1563,UNKNOWN,UNKNOWN,,,,,MONITOR,"[MONITOR] [현상] fail 이 있으나 기존 룰로 설명되지 않는 상태입니다.
[과거사례] 참고할 수 있는 과거 사례가 없습니다. 
 [점검제안] 기존 signature 로 설명되지 않는 fail — 발화 사유(단위/limit/표본/조건)를 확인하고 새 불량유형 후보로 검토"
EDGE_FAIL_L1_075,13,single,1,EDGE_FAIL,not_fire,edge_fail_ratio,1.0,1.0315,UNKNOWN,UNKNOWN,,,,,MONITOR,"[MONITOR] [현상] fail 이 있으나 기존 룰로 설명되지 않는 상태입니다.
[과거사례] 참고할 수 있는 과거 사례가 없습니다. 
 [점검제안] 기존 signature 로 설명되지 않는 fail — 발화 사유(단위/limit/표본/조건)를 확인하고 새 불량유형 후보로 검토"
EDGE_FAIL_L2_076,13,single,2,EDGE_FAIL,fire,edge_fail_ratio,2.1,2.1098,EDGE_FAIL,UNKNOWN,,,,,MONITOR,"[MONITOR] [현상] fail 이 있으나 기존 룰로 설명되지 않는 상태입니다.
[과거사례] 참고할 수 있는 과거 사례가 없습니다. 
 [점검제안] 기존 signature 로 설명되지 않는 fail — 발화 사유(단위/limit/표본/조건)를 확인하고 새 불량유형 후보로 검토"
EDGE_FAIL_L3_077,13,single,3,EDGE_FAIL,fire,edge_fail_ratio,2.4,2.438,EDGE_FAIL,UNKNOWN,,,,,MONITOR,"[MONITOR] [현상] fail 이 있으나 기존 룰로 설명되지 않는 상태입니다.
[과거사례] 참고할 수 있는 과거 사례가 없습니다. 
 [점검제안] 기존 signature 로 설명되지 않는 fail — 발화 사유(단위/limit/표본/조건)를 확인하고 새 불량유형 후보로 검토"
MIX2_CLUSTER-MEANSHIFT_L1_135,13,combo,1,CLUSTER_FAIL;MEAN_SHIFT,not_fire,(조합),,,UNKNOWN,UNKNOWN,,,,,MONITOR,"[MONITOR] [현상] fail 이 있으나 기존 룰로 설명되지 않는 상태입니다.
[과거사례] 참고할 수 있는 과거 사례가 없습니다. 
 [점검제안] 기존 signature 로 설명되지 않는 fail — 발화 사유(단위/limit/표본/조건)를 확인하고 새 불량유형 후보로 검토"
MIX2_CLUSTER-MEANSHIFT_L2_136,13,combo,2,CLUSTER_FAIL;MEAN_SHIFT,fire,(조합),,,CLUSTER_FAIL;MEAN_SHIFT,MEAN_SHIFT,,,,,MINOR,"[MINOR] [현상] 분포 중심이 한쪽 spec으로 치우쳐 있습니다.
[과거사례] 참고할 수 있는 과거 사례가 없습니다. 
 [점검제안] 분포 중심이 한쪽 spec 으로 치우침 — offset/센터링 trim 검토"
MIX2_CLUSTER-MEANSHIFT_L3_137,13,combo,3,CLUSTER_FAIL;MEAN_SHIFT,fire,(조합),,,CLUSTER_FAIL;MEAN_SHIFT,MEAN_SHIFT,,,,,MINOR,"[MINOR] [현상] 분포 중심이 한쪽 spec으로 치우쳐 있습니다.
[과거사례] 참고할 수 있는 과거 사례가 없습니다. 
 [점검제안] 분포 중심이 한쪽 spec 으로 치우침 — offset/센터링 trim 검토"
MIX2_CLUSTER-MEANSHIFT_L4_138,13,combo,4,CLUSTER_FAIL;MEAN_SHIFT,fire,(조합),,,CLUSTER_FAIL;MEAN_SHIFT,MEAN_SHIFT,,,,,MINOR,"[MINOR] [현상] 분포 중심이 한쪽 spec으로 치우쳐 있습니다.
[과거사례] 참고할 수 있는 과거 사례가 없습니다. 
 [점검제안] 분포 중심이 한쪽 spec 으로 치우침 — offset/센터링 trim 검토"
MIX2_CLUSTER-MEANSHIFT_L5_139,13,combo,5,CLUSTER_FAIL;MEAN_SHIFT,fire,(조합),,,CLUSTER_FAIL;LOW_CPK;MEAN_SHIFT,LOW_CPK;MEAN_SHIFT,,,,LOW_CPK,MAJOR,"[MAJOR] [현상] 공정능력지수(Cpk)가 기준(1.33) 미달입니다.
[과거사례] 참고할 수 있는 과거 사례가 없습니다. 
 [점검제안] 공정능력지수 미달(cpk<1.33) — 산포/센터링 근본 점검"
MIX2_HEAVYTAIL-CLUSTER_L1_155,13,combo,1,HEAVY_TAIL;CLUSTER_FAIL,not_fire,(조합),,,UNKNOWN,UNKNOWN,,,,,MONITOR,"[MONITOR] [현상] fail 이 있으나 기존 룰로 설명되지 않는 상태입니다.
[과거사례] 참고할 수 있는 과거 사례가 없습니다. 
 [점검제안] 기존 signature 로 설명되지 않는 fail — 발화 사유(단위/limit/표본/조건)를 확인하고 새 불량유형 후보로 검토"
CENTER_FAIL_L1_080,14,single,1,CENTER_FAIL,not_fire,center_fail_ratio,1.0,0.925,UNKNOWN,UNKNOWN,,,,,MONITOR,"[MONITOR] [현상] fail 이 있으나 기존 룰로 설명되지 않는 상태입니다.
[과거사례] 참고할 수 있는 과거 사례가 없습니다. 
 [점검제안] 기존 signature 로 설명되지 않는 fail — 발화 사유(단위/limit/표본/조건)를 확인하고 새 불량유형 후보로 검토"
EDGE_FAIL_L4_078,14,single,4,EDGE_FAIL,fire,edge_fail_ratio,2.65,2.6724,EDGE_FAIL,UNKNOWN,,,,,MONITOR,"[MONITOR] [현상] fail 이 있으나 기존 룰로 설명되지 않는 상태입니다.
[과거사례] 참고할 수 있는 과거 사례가 없습니다. 
 [점검제안] 기존 signature 로 설명되지 않는 fail — 발화 사유(단위/limit/표본/조건)를 확인하고 새 불량유형 후보로 검토"
EDGE_FAIL_L5_079,14,single,5,EDGE_FAIL,fire,edge_fail_ratio,2.78,2.8131,EDGE_FAIL,UNKNOWN,,,,,MONITOR,"[MONITOR] [현상] fail 이 있으나 기존 룰로 설명되지 않는 상태입니다.
[과거사례] 참고할 수 있는 과거 사례가 없습니다. 
 [점검제안] 기존 signature 로 설명되지 않는 fail — 발화 사유(단위/limit/표본/조건)를 확인하고 새 불량유형 후보로 검토"
MIX2_HEAVYTAIL-CLUSTER_L2_156,14,combo,2,HEAVY_TAIL;CLUSTER_FAIL,fire,(조합),,,CLUSTER_FAIL;HEAVY_TAIL,HEAVY_TAIL,,,,,MINOR,"[MINOR] [현상] 분포 꼬리가 두껍게 나타납니다.
[과거사례] 참고할 수 있는 과거 사례가 없습니다. 
 [점검제안] 분포 꼬리가 두꺼움(간헐 spike) — 산발 이상치 원인(contact/노이즈) 관찰"
MIX2_HEAVYTAIL-CLUSTER_L3_157,14,combo,3,HEAVY_TAIL;CLUSTER_FAIL,fire,(조합),,,CLUSTER_FAIL;HEAVY_TAIL,HEAVY_TAIL,,,,,MINOR,"[MINOR] [현상] 분포 꼬리가 두껍게 나타납니다.
[과거사례] 참고할 수 있는 과거 사례가 없습니다. 
 [점검제안] 분포 꼬리가 두꺼움(간헐 spike) — 산발 이상치 원인(contact/노이즈) 관찰"
MIX2_HEAVYTAIL-CLUSTER_L4_158,14,combo,4,HEAVY_TAIL;CLUSTER_FAIL,fire,(조합),,,CLUSTER_FAIL;HEAVY_TAIL,HEAVY_TAIL,,,,,MINOR,"[MINOR] [현상] 분포 꼬리가 두껍게 나타납니다.
[과거사례] 참고할 수 있는 과거 사례가 없습니다. 
 [점검제안] 분포 꼬리가 두꺼움(간헐 spike) — 산발 이상치 원인(contact/노이즈) 관찰"
MIX2_HEAVYTAIL-CLUSTER_L5_159,14,combo,5,HEAVY_TAIL;CLUSTER_FAIL,fire,(조합),,,CLUSTER_FAIL;HEAVY_TAIL,HEAVY_TAIL,,,,,MINOR,"[MINOR] [현상] 분포 꼬리가 두껍게 나타납니다.
[과거사례] 참고할 수 있는 과거 사례가 없습니다. 
 [점검제안] 분포 꼬리가 두꺼움(간헐 spike) — 산발 이상치 원인(contact/노이즈) 관찰"
MIX2_MISSLIMIT-CLUSTER_L1_160,14,combo,1,MISSING_LIMIT;CLUSTER_FAIL,not_fire,(조합),,,UNKNOWN,UNKNOWN,,,,,MONITOR,"[MONITOR] [현상] fail 이 있으나 기존 룰로 설명되지 않는 상태입니다.
[과거사례] 참고할 수 있는 과거 사례가 없습니다. 
 [점검제안] 기존 signature 로 설명되지 않는 fail — 발화 사유(단위/limit/표본/조건)를 확인하고 새 불량유형 후보로 검토"
MIX2_MISSLIMIT-CLUSTER_L2_161,14,combo,2,MISSING_LIMIT;CLUSTER_FAIL,fire,(조합),,,CLUSTER_FAIL;MISSING_LIMIT,UNKNOWN,,,,,MONITOR,"[MONITOR] [현상] fail 이 있으나 기존 룰로 설명되지 않는 상태입니다.
[과거사례] 참고할 수 있는 과거 사례가 없습니다. 
 [점검제안] 기존 signature 로 설명되지 않는 fail — 발화 사유(단위/limit/표본/조건)를 확인하고 새 불량유형 후보로 검토"
CENTER_FAIL_L2_081,15,single,2,CENTER_FAIL,fire,center_fail_ratio,2.2,2.2199,CENTER_FAIL,UNKNOWN,,,,,MONITOR,"[MONITOR] [현상] fail 이 있으나 기존 룰로 설명되지 않는 상태입니다.
[과거사례] 참고할 수 있는 과거 사례가 없습니다. 
 [점검제안] 기존 signature 로 설명되지 않는 fail — 발화 사유(단위/limit/표본/조건)를 확인하고 새 불량유형 후보로 검토"
CENTER_FAIL_L3_082,15,single,3,CENTER_FAIL,fire,center_fail_ratio,4.0,4.0698,CENTER_FAIL,UNKNOWN,,,,,MONITOR,"[MONITOR] [현상] fail 이 있으나 기존 룰로 설명되지 않는 상태입니다.
[과거사례] 참고할 수 있는 과거 사례가 없습니다. 
 [점검제안] 기존 signature 로 설명되지 않는 fail — 발화 사유(단위/limit/표본/조건)를 확인하고 새 불량유형 후보로 검토"
CENTER_FAIL_L4_083,15,single,4,CENTER_FAIL,fire,center_fail_ratio,7.0,7.0297,CENTER_FAIL,UNKNOWN,,,,,MONITOR,"[MONITOR] [현상] fail 이 있으나 기존 룰로 설명되지 않는 상태입니다.
[과거사례] 참고할 수 있는 과거 사례가 없습니다. 
 [점검제안] 기존 signature 로 설명되지 않는 fail — 발화 사유(단위/limit/표본/조건)를 확인하고 새 불량유형 후보로 검토"
MIX2_MISSLIMIT-CLUSTER_L3_162,15,combo,3,MISSING_LIMIT;CLUSTER_FAIL,fire,(조합),,,CLUSTER_FAIL;MISSING_LIMIT,UNKNOWN,,,,,MONITOR,"[MONITOR] [현상] fail 이 있으나 기존 룰로 설명되지 않는 상태입니다.
[과거사례] 참고할 수 있는 과거 사례가 없습니다. 
 [점검제안] 기존 signature 로 설명되지 않는 fail — 발화 사유(단위/limit/표본/조건)를 확인하고 새 불량유형 후보로 검토"
MIX2_MISSLIMIT-CLUSTER_L4_163,15,combo,4,MISSING_LIMIT;CLUSTER_FAIL,fire,(조합),,,CLUSTER_FAIL;MISSING_LIMIT,UNKNOWN,,,,,MONITOR,"[MONITOR] [현상] fail 이 있으나 기존 룰로 설명되지 않는 상태입니다.
[과거사례] 참고할 수 있는 과거 사례가 없습니다. 
 [점검제안] 기존 signature 로 설명되지 않는 fail — 발화 사유(단위/limit/표본/조건)를 확인하고 새 불량유형 후보로 검토"
MIX2_MISSLIMIT-CLUSTER_L5_164,15,combo,5,MISSING_LIMIT;CLUSTER_FAIL,fire,(조합),,,CLUSTER_FAIL;MISSING_LIMIT,UNKNOWN,,,,,MONITOR,"[MONITOR] [현상] fail 이 있으나 기존 룰로 설명되지 않는 상태입니다.
[과거사례] 참고할 수 있는 과거 사례가 없습니다. 
 [점검제안] 기존 signature 로 설명되지 않는 fail — 발화 사유(단위/limit/표본/조건)를 확인하고 새 불량유형 후보로 검토"
MIX3_MEANSHIFT-HEAVYTAIL-CLUSTER_L1_180,15,combo,1,MEAN_SHIFT;HEAVY_TAIL;CLUSTER_FAIL,not_fire,(조합),,,UNKNOWN,UNKNOWN,,,,,MONITOR,"[MONITOR] [현상] fail 이 있으나 기존 룰로 설명되지 않는 상태입니다.
[과거사례] 참고할 수 있는 과거 사례가 없습니다. 
 [점검제안] 기존 signature 로 설명되지 않는 fail — 발화 사유(단위/limit/표본/조건)를 확인하고 새 불량유형 후보로 검토"
MIX3_MEANSHIFT-HEAVYTAIL-CLUSTER_L2_181,15,combo,2,MEAN_SHIFT;HEAVY_TAIL;CLUSTER_FAIL,fire,(조합),,,CLUSTER_FAIL;MEAN_SHIFT;HEAVY_TAIL,MEAN_SHIFT;HEAVY_TAIL,,,,,MINOR,"[MINOR] [현상] 분포 중심이 한쪽 spec으로 치우쳐 있습니다.
[과거사례] 참고할 수 있는 과거 사례가 없습니다. 
 [점검제안] 분포 중심이 한쪽 spec 으로 치우침 — offset/센터링 trim 검토"
MIX3_WIDE-CLUSTER-HEAVYTAIL_L2_001_419,15,mixed,2,WIDE_DISTRIBUTION;CLUSTER_FAIL;HEAVY_TAIL,fire,(조합),,,CLUSTER_FAIL;WIDE_DISTRIBUTION;LOW_CPK;HEAVY_TAIL,WIDE_DISTRIBUTION;LOW_CPK;HEAVY_TAIL,,,,LOW_CPK,MAJOR,"[MAJOR] [현상] 산포가 spec 폭 대비 넓게 퍼져 있습니다.
[과거사례] 참고할 수 있는 과거 사례가 없습니다. 
 [점검제안] 산포가 spec 폭 대비 넓음 — 공정 변동 및 site/wafer 조건별 산포 차이 확인"
CENTER_FAIL_L5_084,16,single,5,CENTER_FAIL,fire,center_fail_ratio,10.5,10.5446,CENTER_FAIL;WAFER_GRADIENT,UNKNOWN,,,,WAFER_GRADIENT,MONITOR,"[MONITOR] [현상] fail 이 있으나 기존 룰로 설명되지 않는 상태입니다.
[과거사례] 참고할 수 있는 과거 사례가 없습니다. 
 [점검제안] 기존 signature 로 설명되지 않는 fail — 발화 사유(단위/limit/표본/조건)를 확인하고 새 불량유형 후보로 검토"
MIX3_CLUSTER-HEAVYTAIL-MEANSHIFT_L4_010_428,16,mixed,4,CLUSTER_FAIL;HEAVY_TAIL;MEAN_SHIFT,fire,(조합),,,CLUSTER_FAIL;LOW_CPK;MEAN_SHIFT;HEAVY_TAIL,LOW_CPK;MEAN_SHIFT;HEAVY_TAIL,,,,LOW_CPK,MAJOR,"[MAJOR] [현상] 공정능력지수(Cpk)가 기준(1.33) 미달입니다.
[과거사례] 참고할 수 있는 과거 사례가 없습니다. 
 [점검제안] 공정능력지수 미달(cpk<1.33) — 산포/센터링 근본 점검"
MIX3_CLUSTER-WIDE-SUBPOP_L2_047_465,16,mixed,2,CLUSTER_FAIL;WIDE_DISTRIBUTION;SUBPOP_GAP,fire,(조합),,,CLUSTER_FAIL;WIDE_DISTRIBUTION;BIDIR_TAIL;LOW_CPK;SUBPOP_GAP,WIDE_DISTRIBUTION;LOW_CPK;SUBPOP_GAP,,,,BIDIR_TAIL;LOW_CPK,MAJOR,"[MAJOR][이봉] [현상] 산포가 spec 폭 대비 넓게 퍼져 있습니다.
[과거사례] 참고할 수 있는 과거 사례가 없습니다. 
 [점검제안] 산포가 spec 폭 대비 넓음 — 공정 변동 및 site/wafer 조건별 산포 차이 확인"
MIX3_MEANSHIFT-HEAVYTAIL-CLUSTER_L3_182,16,combo,3,MEAN_SHIFT;HEAVY_TAIL;CLUSTER_FAIL,fire,(조합),,,CLUSTER_FAIL;MEAN_SHIFT;HEAVY_TAIL,MEAN_SHIFT;HEAVY_TAIL,,,,,MINOR,"[MINOR] [현상] 분포 중심이 한쪽 spec으로 치우쳐 있습니다.
[과거사례] 참고할 수 있는 과거 사례가 없습니다. 
 [점검제안] 분포 중심이 한쪽 spec 으로 치우침 — offset/센터링 trim 검토"
MIX3_MEANSHIFT-HEAVYTAIL-CLUSTER_L4_183,16,combo,4,MEAN_SHIFT;HEAVY_TAIL;CLUSTER_FAIL,fire,(조합),,,CLUSTER_FAIL;LOW_CPK;MEAN_SHIFT;HEAVY_TAIL,LOW_CPK;MEAN_SHIFT;HEAVY_TAIL,,,,LOW_CPK,MAJOR,"[MAJOR] [현상] 공정능력지수(Cpk)가 기준(1.33) 미달입니다.
[과거사례] 참고할 수 있는 과거 사례가 없습니다. 
 [점검제안] 공정능력지수 미달(cpk<1.33) — 산포/센터링 근본 점검"
MIX3_MEANSHIFT-HEAVYTAIL-CLUSTER_L5_184,16,combo,5,MEAN_SHIFT;HEAVY_TAIL;CLUSTER_FAIL,fire,(조합),,,CLUSTER_FAIL;LOW_CPK;MEAN_SHIFT;HEAVY_TAIL,LOW_CPK;MEAN_SHIFT;HEAVY_TAIL,,,,LOW_CPK,MAJOR,"[MAJOR] [현상] 공정능력지수(Cpk)가 기준(1.33) 미달입니다.
[과거사례] 참고할 수 있는 과거 사례가 없습니다. 
 [점검제안] 공정능력지수 미달(cpk<1.33) — 산포/센터링 근본 점검"
RING_FAIL_L1_085,16,single,1,RING_FAIL,not_fire,ring_fail_ratio,1.0,0.992,UNKNOWN,UNKNOWN,,,,,MONITOR,"[MONITOR] [현상] fail 이 있으나 기존 룰로 설명되지 않는 상태입니다.
[과거사례] 참고할 수 있는 과거 사례가 없습니다. 
 [점검제안] 기존 signature 로 설명되지 않는 fail — 발화 사유(단위/limit/표본/조건)를 확인하고 새 불량유형 후보로 검토"
RING_FAIL_L2_086,16,single,2,RING_FAIL,fire,ring_fail_ratio,1.4,1.3828,UNKNOWN,UNKNOWN,,,,,MONITOR,"[MONITOR] [현상] fail 이 있으나 기존 룰로 설명되지 않는 상태입니다.
[과거사례] 참고할 수 있는 과거 사례가 없습니다. 
 [점검제안] 기존 signature 로 설명되지 않는 fail — 발화 사유(단위/limit/표본/조건)를 확인하고 새 불량유형 후보로 검토"
RING_FAIL_L3_087,16,single,3,RING_FAIL,fire,ring_fail_ratio,1.6,1.5932,CLUSTER_FAIL,UNKNOWN,,,,CLUSTER_FAIL,MONITOR,"[MONITOR] [현상] fail 이 있으나 기존 룰로 설명되지 않는 상태입니다.
[과거사례] 참고할 수 있는 과거 사례가 없습니다. 
 [점검제안] 기존 signature 로 설명되지 않는 fail — 발화 사유(단위/limit/표본/조건)를 확인하고 새 불량유형 후보로 검토"
MIX2_CLUSTER-MEANSHIFT_L4_028_446,17,mixed,4,CLUSTER_FAIL;MEAN_SHIFT,fire,(조합),,,CLUSTER_FAIL;MEAN_SHIFT,MEAN_SHIFT,,,,,MINOR,"[MINOR] [현상] 분포 중심이 한쪽 spec으로 치우쳐 있습니다.
[과거사례] 참고할 수 있는 과거 사례가 없습니다. 
 [점검제안] 분포 중심이 한쪽 spec 으로 치우침 — offset/센터링 trim 검토"
MIX2_EDGE-SEVOUT_L1_125,17,combo,1,EDGE_FAIL;SEVERE_OUTLIER,not_fire,(조합),,,UNKNOWN,UNKNOWN,,,,,MONITOR,"[MONITOR] [현상] fail 이 있으나 기존 룰로 설명되지 않는 상태입니다.
[과거사례] 참고할 수 있는 과거 사례가 없습니다. 
 [점검제안] 기존 signature 로 설명되지 않는 fail — 발화 사유(단위/limit/표본/조건)를 확인하고 새 불량유형 후보로 검토"
MIX2_EDGE-SEVOUT_L2_126,17,combo,2,EDGE_FAIL;SEVERE_OUTLIER,fire,(조합),,,EDGE_FAIL;SEVERE_OUTLIER;HEAVY_TAIL,SEVERE_OUTLIER;HEAVY_TAIL,,,,HEAVY_TAIL,MAJOR,"[MAJOR] [현상] outlier 성 fail 비율이 높게 나타납니다.
[과거사례] 참고할 수 있는 과거 사례가 없습니다. 
 [점검제안] outlier 성 fail 비율 높음 — 개별 die 산발 이상, contact/retest 재현성 확인"
MIX2_WIDE-CLUSTER_L3_013_431,17,mixed,3,WIDE_DISTRIBUTION;CLUSTER_FAIL,fire,(조합),,,CLUSTER_FAIL;WIDE_DISTRIBUTION;LOW_CPK,WIDE_DISTRIBUTION;LOW_CPK,,,,LOW_CPK,MAJOR,"[MAJOR] [현상] 산포가 spec 폭 대비 넓게 퍼져 있습니다.
[과거사례] 참고할 수 있는 과거 사례가 없습니다. 
 [점검제안] 산포가 spec 폭 대비 넓음 — 공정 변동 및 site/wafer 조건별 산포 차이 확인"
MIX3_CLUSTER-SUBPOP-WIDE_L3_015_433,17,mixed,3,CLUSTER_FAIL;SUBPOP_GAP;WIDE_DISTRIBUTION,fire,(조합),,,CLUSTER_FAIL;WIDE_DISTRIBUTION;BIDIR_TAIL;LOW_CPK;SUBPOP_GAP,WIDE_DISTRIBUTION;LOW_CPK;SUBPOP_GAP,,,,BIDIR_TAIL;LOW_CPK,MAJOR,"[MAJOR][이봉] [현상] 산포가 spec 폭 대비 넓게 퍼져 있습니다.
[과거사례] 참고할 수 있는 과거 사례가 없습니다. 
 [점검제안] 산포가 spec 폭 대비 넓음 — 공정 변동 및 site/wafer 조건별 산포 차이 확인"
MIX3_OUTWARN-CLUSTER-MEANSHIFT_L3_022_440,17,mixed,3,OUTLIER_WARN;CLUSTER_FAIL;MEAN_SHIFT,fire,(조합),,,CLUSTER_FAIL;OUTLIER_WARN;MEAN_SHIFT;HEAVY_TAIL,OUTLIER_WARN;MEAN_SHIFT;HEAVY_TAIL,,,,HEAVY_TAIL,MINOR,"[MINOR] [현상] outlier 비율이 주의 수준으로 관찰됩니다.
[과거사례] 참고할 수 있는 과거 사례가 없습니다. 
 [점검제안] outlier 비율 주의 수준 — 개별 die 산발 이상 여부 관찰"
MIX3_SEVOUT-CLUSTER-SPECTIGHT_L4_012_430,17,mixed,4,SEVERE_OUTLIER;CLUSTER_FAIL;SPEC_TOO_TIGHT,fire,(조합),,,CLUSTER_FAIL;SEVERE_OUTLIER;SPEC_TOO_TIGHT;BIDIR_TAIL,SEVERE_OUTLIER;SPEC_TOO_TIGHT,,,,BIDIR_TAIL,MAJOR,"[MAJOR] [현상] outlier 성 fail 비율이 높게 나타납니다.
[과거사례] 참고할 수 있는 과거 사례가 없습니다. 
 [점검제안] outlier 성 fail 비율 높음 — 개별 die 산발 이상, contact/retest 재현성 확인"
RING_FAIL_L4_088,17,single,4,RING_FAIL,fire,ring_fail_ratio,1.75,1.7436,UNKNOWN,UNKNOWN,,,,,MONITOR,"[MONITOR] [현상] fail 이 있으나 기존 룰로 설명되지 않는 상태입니다.
[과거사례] 참고할 수 있는 과거 사례가 없습니다. 
 [점검제안] 기존 signature 로 설명되지 않는 fail — 발화 사유(단위/limit/표본/조건)를 확인하고 새 불량유형 후보로 검토"
RING_FAIL_L5_089,17,single,5,RING_FAIL,fire,ring_fail_ratio,1.82,1.8037,UNKNOWN,UNKNOWN,,,,,MONITOR,"[MONITOR] [현상] fail 이 있으나 기존 룰로 설명되지 않는 상태입니다.
[과거사례] 참고할 수 있는 과거 사례가 없습니다. 
 [점검제안] 기존 signature 로 설명되지 않는 fail — 발화 사유(단위/limit/표본/조건)를 확인하고 새 불량유형 후보로 검토"
MIX1_CLUSTER_L5_044_462,18,mixed,5,CLUSTER_FAIL,fire,(조합),,,CLUSTER_FAIL;OUTLIER_WARN;HEAVY_TAIL,OUTLIER_WARN;HEAVY_TAIL,,,,OUTLIER_WARN;HEAVY_TAIL,MINOR,"[MINOR] [현상] outlier 비율이 주의 수준으로 관찰됩니다.
[과거사례] 참고할 수 있는 과거 사례가 없습니다. 
 [점검제안] outlier 비율 주의 수준 — 개별 die 산발 이상 여부 관찰"
MIX2_CENTER-WIDE_L1_130,18,combo,1,CENTER_FAIL;WIDE_DISTRIBUTION,not_fire,(조합),,,UNKNOWN,UNKNOWN,,,,,MONITOR,"[MONITOR] [현상] fail 이 있으나 기존 룰로 설명되지 않는 상태입니다.
[과거사례] 참고할 수 있는 과거 사례가 없습니다. 
 [점검제안] 기존 signature 로 설명되지 않는 fail — 발화 사유(단위/limit/표본/조건)를 확인하고 새 불량유형 후보로 검토"
MIX2_CLUSTER-MEANSHIFT_L2_051_469,18,mixed,2,CLUSTER_FAIL;MEAN_SHIFT,fire,(조합),,,CLUSTER_FAIL;MEAN_SHIFT,MEAN_SHIFT,,,,,MINOR,"[MINOR] [현상] 분포 중심이 한쪽 spec으로 치우쳐 있습니다.
[과거사례] 참고할 수 있는 과거 사례가 없습니다. 
 [점검제안] 분포 중심이 한쪽 spec 으로 치우침 — offset/센터링 trim 검토"
MIX2_CLUSTER-SUBPOP_L3_045_463,18,mixed,3,CLUSTER_FAIL;SUBPOP_GAP,fire,(조합),,,CLUSTER_FAIL;SUBPOP_GAP,SUBPOP_GAP,,,,,MAJOR,"[MAJOR][이봉] [현상] 분포가 2개 level로 분리되는 양상입니다.
[과거사례] 참고할 수 있는 과거 사례가 없습니다. 
 [점검제안] 분포가 두 무리로 분리(이봉) — 로트/장비 혼입·조건 이원화 점검"
MIX2_EDGE-SEVOUT_L3_127,18,combo,3,EDGE_FAIL;SEVERE_OUTLIER,fire,(조합),,,EDGE_FAIL;SEVERE_OUTLIER;HEAVY_TAIL,SEVERE_OUTLIER;HEAVY_TAIL,,,,HEAVY_TAIL,MAJOR,"[MAJOR] [현상] outlier 성 fail 비율이 높게 나타납니다.
[과거사례] 참고할 수 있는 과거 사례가 없습니다. 
 [점검제안] outlier 성 fail 비율 높음 — 개별 die 산발 이상, contact/retest 재현성 확인"
MIX2_EDGE-SEVOUT_L4_128,18,combo,4,EDGE_FAIL;SEVERE_OUTLIER,fire,(조합),,,EDGE_FAIL;SEVERE_OUTLIER;SPEC_TOO_TIGHT,SEVERE_OUTLIER;SPEC_TOO_TIGHT,,,,SPEC_TOO_TIGHT,MAJOR,"[MAJOR] [현상] outlier 성 fail 비율이 높게 나타납니다.
[과거사례] 참고할 수 있는 과거 사례가 없습니다. 
 [점검제안] outlier 성 fail 비율 높음 — 개별 die 산발 이상, contact/retest 재현성 확인"
MIX2_EDGE-SEVOUT_L5_129,18,combo,5,EDGE_FAIL;SEVERE_OUTLIER,fire,(조합),,,EDGE_FAIL;SEVERE_OUTLIER;SPEC_TOO_TIGHT,SEVERE_OUTLIER;SPEC_TOO_TIGHT,,,,SPEC_TOO_TIGHT,MAJOR,"[MAJOR] [현상] outlier 성 fail 비율이 높게 나타납니다.
[과거사례] 참고할 수 있는 과거 사례가 없습니다. 
 [점검제안] outlier 성 fail 비율 높음 — 개별 die 산발 이상, contact/retest 재현성 확인"
MIX2_SUBPOP-CLUSTER_L3_029_447,18,mixed,3,SUBPOP_GAP;CLUSTER_FAIL,fire,(조합),,,CLUSTER_FAIL;SUBPOP_GAP,SUBPOP_GAP,,,,,MAJOR,"[MAJOR][이봉] [현상] 분포가 2개 level로 분리되는 양상입니다.
[과거사례] 참고할 수 있는 과거 사례가 없습니다. 
 [점검제안] 분포가 두 무리로 분리(이봉) — 로트/장비 혼입·조건 이원화 점검"
MIX2_WIDE-CLUSTER_L4_039_457,18,mixed,4,WIDE_DISTRIBUTION;CLUSTER_FAIL,fire,(조합),,,CLUSTER_FAIL;WIDE_DISTRIBUTION;LOW_CPK,WIDE_DISTRIBUTION;LOW_CPK,,,,LOW_CPK,MAJOR,"[MAJOR] [현상] 산포가 spec 폭 대비 넓게 퍼져 있습니다.
[과거사례] 참고할 수 있는 과거 사례가 없습니다. 
 [점검제안] 산포가 spec 폭 대비 넓음 — 공정 변동 및 site/wafer 조건별 산포 차이 확인"
MIX1_CLUSTER_L5_068_486,19,mixed,5,CLUSTER_FAIL,fire,(조합),,,CLUSTER_FAIL;OUTLIER_WARN;HEAVY_TAIL,OUTLIER_WARN;HEAVY_TAIL,,,,OUTLIER_WARN;HEAVY_TAIL,MINOR,"[MINOR] [현상] outlier 비율이 주의 수준으로 관찰됩니다.
[과거사례] 참고할 수 있는 과거 사례가 없습니다. 
 [점검제안] outlier 비율 주의 수준 — 개별 die 산발 이상 여부 관찰"
MIX2_CENTER-WIDE_L2_131,19,combo,2,CENTER_FAIL;WIDE_DISTRIBUTION,fire,(조합),,,CENTER_FAIL;WIDE_DISTRIBUTION;LOW_CPK,WIDE_DISTRIBUTION;LOW_CPK,,,,LOW_CPK,MAJOR,"[MAJOR] [현상] 산포가 spec 폭 대비 넓게 퍼져 있습니다.
[과거사례] 참고할 수 있는 과거 사례가 없습니다. 
 [점검제안] 산포가 spec 폭 대비 넓음 — 공정 변동 및 site/wafer 조건별 산포 차이 확인"
MIX2_CENTER-WIDE_L3_132,19,combo,3,CENTER_FAIL;WIDE_DISTRIBUTION,fire,(조합),,,CENTER_FAIL;WIDE_DISTRIBUTION;LOW_CPK,WIDE_DISTRIBUTION;LOW_CPK,,,,LOW_CPK,MAJOR,"[MAJOR] [현상] 산포가 spec 폭 대비 넓게 퍼져 있습니다.
[과거사례] 참고할 수 있는 과거 사례가 없습니다. 
 [점검제안] 산포가 spec 폭 대비 넓음 — 공정 변동 및 site/wafer 조건별 산포 차이 확인"
MIX2_CENTER-WIDE_L4_133,19,combo,4,CENTER_FAIL;WIDE_DISTRIBUTION,fire,(조합),,,CENTER_FAIL;WIDE_DISTRIBUTION;LOW_CPK,WIDE_DISTRIBUTION;LOW_CPK,,,,LOW_CPK,MAJOR,"[MAJOR] [현상] 산포가 spec 폭 대비 넓게 퍼져 있습니다.
[과거사례] 참고할 수 있는 과거 사례가 없습니다. 
 [점검제안] 산포가 spec 폭 대비 넓음 — 공정 변동 및 site/wafer 조건별 산포 차이 확인"
MIX2_SPECTIGHT-EDGE_L1_140,19,combo,1,SPEC_TOO_TIGHT;EDGE_FAIL,not_fire,(조합),,,UNKNOWN,UNKNOWN,,,,,MONITOR,"[MONITOR] [현상] fail 이 있으나 기존 룰로 설명되지 않는 상태입니다.
[과거사례] 참고할 수 있는 과거 사례가 없습니다. 
 [점검제안] 기존 signature 로 설명되지 않는 fail — 발화 사유(단위/limit/표본/조건)를 확인하고 새 불량유형 후보로 검토"
MIX2_SPECTIGHT-EDGE_L2_141,19,combo,2,SPEC_TOO_TIGHT;EDGE_FAIL,fire,(조합),,,EDGE_FAIL;SPEC_TOO_TIGHT,SPEC_TOO_TIGHT,,,,,MINOR,"[MINOR] [현상] 산포는 안정적이나 spec margin이 부족한 상태입니다.
[과거사례] 참고할 수 있는 과거 사례가 없습니다. 
 [점검제안] 분포는 양호(좁고·중앙·단봉)한데 cpk 낮음 — spec margin 자체 검토(spec_review)"
MIX2_SPECTIGHT-EDGE_L3_142,19,combo,3,SPEC_TOO_TIGHT;EDGE_FAIL,fire,(조합),,,EDGE_FAIL;SPEC_TOO_TIGHT,SPEC_TOO_TIGHT,,,,,MINOR,"[MINOR] [현상] 산포는 안정적이나 spec margin이 부족한 상태입니다.
[과거사례] 참고할 수 있는 과거 사례가 없습니다. 
 [점검제안] 분포는 양호(좁고·중앙·단봉)한데 cpk 낮음 — spec margin 자체 검토(spec_review)"
MIX2_SPECTIGHT-EDGE_L4_143,19,combo,4,SPEC_TOO_TIGHT;EDGE_FAIL,fire,(조합),,,EDGE_FAIL;SPEC_TOO_TIGHT,SPEC_TOO_TIGHT,,,,,MINOR,"[MINOR] [현상] 산포는 안정적이나 spec margin이 부족한 상태입니다.
[과거사례] 참고할 수 있는 과거 사례가 없습니다. 
 [점검제안] 분포는 양호(좁고·중앙·단봉)한데 cpk 낮음 — spec margin 자체 검토(spec_review)"
MIX2_SPECTIGHT-EDGE_L5_144,19,combo,5,SPEC_TOO_TIGHT;EDGE_FAIL,fire,(조합),,,EDGE_FAIL;SPEC_TOO_TIGHT,SPEC_TOO_TIGHT,,,,,MINOR,"[MINOR] [현상] 산포는 안정적이나 spec margin이 부족한 상태입니다.
[과거사례] 참고할 수 있는 과거 사례가 없습니다. 
 [점검제안] 분포는 양호(좁고·중앙·단봉)한데 cpk 낮음 — spec margin 자체 검토(spec_review)"
MIX2_WIDE-CLUSTER_L4_060_478,19,mixed,4,WIDE_DISTRIBUTION;CLUSTER_FAIL,fire,(조합),,,CLUSTER_FAIL;WIDE_DISTRIBUTION;LOW_CPK,WIDE_DISTRIBUTION;LOW_CPK,,,,LOW_CPK,MAJOR,"[MAJOR] [현상] 산포가 spec 폭 대비 넓게 퍼져 있습니다.
[과거사례] 참고할 수 있는 과거 사례가 없습니다. 
 [점검제안] 산포가 spec 폭 대비 넓음 — 공정 변동 및 site/wafer 조건별 산포 차이 확인"
MIX2_CENTER-WIDE_L5_134,20,combo,5,CENTER_FAIL;WIDE_DISTRIBUTION,fire,(조합),,,CENTER_FAIL;WIDE_DISTRIBUTION;BIDIR_TAIL;LOW_CPK;WAFER_GRADIENT,WIDE_DISTRIBUTION;LOW_CPK,,,,BIDIR_TAIL;LOW_CPK;WAFER_GRADIENT,MAJOR,"[MAJOR] [현상] 산포가 spec 폭 대비 넓게 퍼져 있습니다.
[과거사례] 참고할 수 있는 과거 사례가 없습니다. 
 [점검제안] 산포가 spec 폭 대비 넓음 — 공정 변동 및 site/wafer 조건별 산포 차이 확인"
MIX2_CONSTANT-EDGE_L1_165,20,combo,1,CONSTANT_VALUE;EDGE_FAIL,not_fire,(조합),,,UNKNOWN,UNKNOWN,,,,,MONITOR,"[MONITOR] [현상] fail 이 있으나 기존 룰로 설명되지 않는 상태입니다.
[과거사례] 참고할 수 있는 과거 사례가 없습니다. 
 [점검제안] 기존 signature 로 설명되지 않는 fail — 발화 사유(단위/limit/표본/조건)를 확인하고 새 불량유형 후보로 검토"
MIX2_CONSTANT-EDGE_L2_166,20,combo,2,CONSTANT_VALUE;EDGE_FAIL,fire,(조합),,,CONSTANT_VALUE;EDGE_FAIL,UNKNOWN,,,,,MONITOR,"[MONITOR] [현상] fail 이 있으나 기존 룰로 설명되지 않는 상태입니다.
[과거사례] 참고할 수 있는 과거 사례가 없습니다. 
 [점검제안] 기존 signature 로 설명되지 않는 fail — 발화 사유(단위/limit/표본/조건)를 확인하고 새 불량유형 후보로 검토"
MIX2_CONSTANT-EDGE_L3_167,20,combo,3,CONSTANT_VALUE;EDGE_FAIL,fire,(조합),,,CONSTANT_VALUE;EDGE_FAIL,UNKNOWN,,,,,MONITOR,"[MONITOR] [현상] fail 이 있으나 기존 룰로 설명되지 않는 상태입니다.
[과거사례] 참고할 수 있는 과거 사례가 없습니다. 
 [점검제안] 기존 signature 로 설명되지 않는 fail — 발화 사유(단위/limit/표본/조건)를 확인하고 새 불량유형 후보로 검토"
MIX2_CONSTANT-EDGE_L4_168,20,combo,4,CONSTANT_VALUE;EDGE_FAIL,fire,(조합),,,CONSTANT_VALUE;EDGE_FAIL,UNKNOWN,,,,,MONITOR,"[MONITOR] [현상] fail 이 있으나 기존 룰로 설명되지 않는 상태입니다.
[과거사례] 참고할 수 있는 과거 사례가 없습니다. 
 [점검제안] 기존 signature 로 설명되지 않는 fail — 발화 사유(단위/limit/표본/조건)를 확인하고 새 불량유형 후보로 검토"
MIX2_CONSTANT-EDGE_L5_169,20,combo,5,CONSTANT_VALUE;EDGE_FAIL,fire,(조합),,,CONSTANT_VALUE;EDGE_FAIL,UNKNOWN,,,,,MONITOR,"[MONITOR] [현상] fail 이 있으나 기존 룰로 설명되지 않는 상태입니다.
[과거사례] 참고할 수 있는 과거 사례가 없습니다. 
 [점검제안] 기존 signature 로 설명되지 않는 fail — 발화 사유(단위/limit/표본/조건)를 확인하고 새 불량유형 후보로 검토"
MIX2_SUBPOP-CENTER_L1_150,20,combo,1,SUBPOP_GAP;CENTER_FAIL,not_fire,(조합),,,UNKNOWN,UNKNOWN,,,,,MONITOR,"[MONITOR] [현상] fail 이 있으나 기존 룰로 설명되지 않는 상태입니다.
[과거사례] 참고할 수 있는 과거 사례가 없습니다. 
 [점검제안] 기존 signature 로 설명되지 않는 fail — 발화 사유(단위/limit/표본/조건)를 확인하고 새 불량유형 후보로 검토"
MIX2_SUBPOP-CENTER_L2_151,20,combo,2,SUBPOP_GAP;CENTER_FAIL,fire,(조합),,,CENTER_FAIL;CLUSTER_FAIL;SUBPOP_GAP,SUBPOP_GAP,,,,CLUSTER_FAIL,MAJOR,"[MAJOR][이봉] [현상] 분포가 2개 level로 분리되는 양상입니다.
[과거사례] 참고할 수 있는 과거 사례가 없습니다. 
 [점검제안] 분포가 두 무리로 분리(이봉) — 로트/장비 혼입·조건 이원화 점검"
MIX2_SUBPOP-CENTER_L3_152,20,combo,3,SUBPOP_GAP;CENTER_FAIL,fire,(조합),,,CENTER_FAIL;SUBPOP_GAP,SUBPOP_GAP,,,,,MAJOR,"[MAJOR][이봉] [현상] 분포가 2개 level로 분리되는 양상입니다.
[과거사례] 참고할 수 있는 과거 사례가 없습니다. 
 [점검제안] 분포가 두 무리로 분리(이봉) — 로트/장비 혼입·조건 이원화 점검"
MIX3_WIDE-SEVOUT-EDGE_L1_175,20,combo,1,WIDE_DISTRIBUTION;SEVERE_OUTLIER;EDGE_FAIL,not_fire,(조합),,,CLUSTER_FAIL,UNKNOWN,,,,CLUSTER_FAIL,MONITOR,"[MONITOR] [현상] fail 이 있으나 기존 룰로 설명되지 않는 상태입니다.
[과거사례] 참고할 수 있는 과거 사례가 없습니다. 
 [점검제안] 기존 signature 로 설명되지 않는 fail — 발화 사유(단위/limit/표본/조건)를 확인하고 새 불량유형 후보로 검토"
MIX3_WIDE-SEVOUT-EDGE_L2_176,20,combo,2,WIDE_DISTRIBUTION;SEVERE_OUTLIER;EDGE_FAIL,fire,(조합),,,EDGE_FAIL;WIDE_DISTRIBUTION;SEVERE_OUTLIER;BIDIR_TAIL;LOW_CPK;HEAVY_TAIL,SEVERE_OUTLIER;WIDE_DISTRIBUTION;LOW_CPK;HEAVY_TAIL,,,,BIDIR_TAIL;LOW_CPK;HEAVY_TAIL,MAJOR,"[MAJOR] [현상] outlier 성 fail 비율이 높게 나타납니다.
[과거사례] 참고할 수 있는 과거 사례가 없습니다. 
 [점검제안] outlier 성 fail 비율 높음 — 개별 die 산발 이상, contact/retest 재현성 확인"
MIX1_EDGE_L3_011_429,21,mixed,3,EDGE_FAIL,fire,(조합),,,EDGE_FAIL;OUTLIER_WARN;HEAVY_TAIL,OUTLIER_WARN;HEAVY_TAIL,,,,OUTLIER_WARN;HEAVY_TAIL,MINOR,"[MINOR] [현상] outlier 비율이 주의 수준으로 관찰됩니다.
[과거사례] 참고할 수 있는 과거 사례가 없습니다. 
 [점검제안] outlier 비율 주의 수준 — 개별 die 산발 이상 여부 관찰"
MIX2_EDGE-SPECTIGHT_L5_020_438,21,mixed,5,EDGE_FAIL;SPEC_TOO_TIGHT,fire,(조합),,,EDGE_FAIL;SPEC_TOO_TIGHT,SPEC_TOO_TIGHT,,,,,MINOR,"[MINOR] [현상] 산포는 안정적이나 spec margin이 부족한 상태입니다.
[과거사례] 참고할 수 있는 과거 사례가 없습니다. 
 [점검제안] 분포는 양호(좁고·중앙·단봉)한데 cpk 낮음 — spec margin 자체 검토(spec_review)"
MIX2_HEAVYTAIL-EDGE_L4_008_426,21,mixed,4,HEAVY_TAIL;EDGE_FAIL,fire,(조합),,,EDGE_FAIL;HEAVY_TAIL,HEAVY_TAIL,,,,,MINOR,"[MINOR] [현상] 분포 꼬리가 두껍게 나타납니다.
[과거사례] 참고할 수 있는 과거 사례가 없습니다. 
 [점검제안] 분포 꼬리가 두꺼움(간헐 spike) — 산발 이상치 원인(contact/노이즈) 관찰"
MIX2_SUBPOP-CENTER_L4_153,21,combo,4,SUBPOP_GAP;CENTER_FAIL,fire,(조합),,,CENTER_FAIL;WIDE_DISTRIBUTION;LOW_CPK;SUBPOP_GAP,WIDE_DISTRIBUTION;LOW_CPK;SUBPOP_GAP,,,,WIDE_DISTRIBUTION;LOW_CPK,MAJOR,"[MAJOR][이봉] [현상] 산포가 spec 폭 대비 넓게 퍼져 있습니다.
[과거사례] 참고할 수 있는 과거 사례가 없습니다. 
 [점검제안] 산포가 spec 폭 대비 넓음 — 공정 변동 및 site/wafer 조건별 산포 차이 확인"
MIX2_SUBPOP-CENTER_L5_154,21,combo,5,SUBPOP_GAP;CENTER_FAIL,fire,(조합),,,CENTER_FAIL;WIDE_DISTRIBUTION;LOW_CPK;WAFER_GRADIENT;SUBPOP_GAP,WIDE_DISTRIBUTION;LOW_CPK;SUBPOP_GAP,,,,WIDE_DISTRIBUTION;LOW_CPK;WAFER_GRADIENT,MAJOR,"[MAJOR][다봉] [현상] 산포가 spec 폭 대비 넓게 퍼져 있습니다.
[과거사례] 참고할 수 있는 과거 사례가 없습니다. 
 [점검제안] 산포가 spec 폭 대비 넓음 — 공정 변동 및 site/wafer 조건별 산포 차이 확인"
MIX2_SUBPOP-EDGE_L2_005_423,21,mixed,2,SUBPOP_GAP;EDGE_FAIL,fire,(조합),,,EDGE_FAIL;SUBPOP_GAP,SUBPOP_GAP,,,,,MAJOR,"[MAJOR][이봉] [현상] 분포가 2개 level로 분리되는 양상입니다.
[과거사례] 참고할 수 있는 과거 사례가 없습니다. 
 [점검제안] 분포가 두 무리로 분리(이봉) — 로트/장비 혼입·조건 이원화 점검"
MIX3_HEAVYTAIL-SPECTIGHT-EDGE_L3_036_454,21,mixed,3,HEAVY_TAIL;SPEC_TOO_TIGHT;EDGE_FAIL,fire,(조합),,,EDGE_FAIL;SPEC_TOO_TIGHT;HEAVY_TAIL,HEAVY_TAIL;SPEC_TOO_TIGHT,,,,,MINOR,"[MINOR] [현상] 분포 꼬리가 두껍게 나타납니다.
[과거사례] 참고할 수 있는 과거 사례가 없습니다. 
 [점검제안] 분포 꼬리가 두꺼움(간헐 spike) — 산발 이상치 원인(contact/노이즈) 관찰"
MIX3_SUBPOP-WIDE-CENTER_L1_185,21,combo,1,SUBPOP_GAP;WIDE_DISTRIBUTION;CENTER_FAIL,not_fire,(조합),,,UNKNOWN,UNKNOWN,,,,,MONITOR,"[MONITOR] [현상] fail 이 있으나 기존 룰로 설명되지 않는 상태입니다.
[과거사례] 참고할 수 있는 과거 사례가 없습니다. 
 [점검제안] 기존 signature 로 설명되지 않는 fail — 발화 사유(단위/limit/표본/조건)를 확인하고 새 불량유형 후보로 검토"
MIX3_WIDE-SEVOUT-EDGE_L3_177,21,combo,3,WIDE_DISTRIBUTION;SEVERE_OUTLIER;EDGE_FAIL,fire,(조합),,,EDGE_FAIL;WIDE_DISTRIBUTION;SEVERE_OUTLIER;BIDIR_TAIL;LOW_CPK;HEAVY_TAIL,SEVERE_OUTLIER;WIDE_DISTRIBUTION;LOW_CPK;HEAVY_TAIL,,,,BIDIR_TAIL;LOW_CPK;HEAVY_TAIL,MAJOR,"[MAJOR] [현상] outlier 성 fail 비율이 높게 나타납니다.
[과거사례] 참고할 수 있는 과거 사례가 없습니다. 
 [점검제안] outlier 성 fail 비율 높음 — 개별 die 산발 이상, contact/retest 재현성 확인"
MIX3_WIDE-SEVOUT-EDGE_L4_178,21,combo,4,WIDE_DISTRIBUTION;SEVERE_OUTLIER;EDGE_FAIL,fire,(조합),,,EDGE_FAIL;WIDE_DISTRIBUTION;SEVERE_OUTLIER;BIDIR_TAIL;LOW_CPK,SEVERE_OUTLIER;WIDE_DISTRIBUTION;LOW_CPK,,,,BIDIR_TAIL;LOW_CPK,MAJOR,"[MAJOR] [현상] outlier 성 fail 비율이 높게 나타납니다.
[과거사례] 참고할 수 있는 과거 사례가 없습니다. 
 [점검제안] outlier 성 fail 비율 높음 — 개별 die 산발 이상, contact/retest 재현성 확인"
MIX3_WIDE-SEVOUT-EDGE_L5_179,21,combo,5,WIDE_DISTRIBUTION;SEVERE_OUTLIER;EDGE_FAIL,fire,(조합),,,EDGE_FAIL;WIDE_DISTRIBUTION;SEVERE_OUTLIER;BIDIR_TAIL;LOW_CPK,SEVERE_OUTLIER;WIDE_DISTRIBUTION;LOW_CPK,,,,BIDIR_TAIL;LOW_CPK,MAJOR,"[MAJOR] [현상] outlier 성 fail 비율이 높게 나타납니다.
[과거사례] 참고할 수 있는 과거 사례가 없습니다. 
 [점검제안] outlier 성 fail 비율 높음 — 개별 die 산발 이상, contact/retest 재현성 확인"
MIX1_CENTER_L3_002_420,22,mixed,3,CENTER_FAIL,fire,(조합),,,CENTER_FAIL;OUTLIER_WARN;HEAVY_TAIL,OUTLIER_WARN;HEAVY_TAIL,,,,OUTLIER_WARN;HEAVY_TAIL,MINOR,"[MINOR] [현상] outlier 비율이 주의 수준으로 관찰됩니다.
[과거사례] 참고할 수 있는 과거 사례가 없습니다. 
 [점검제안] outlier 비율 주의 수준 — 개별 die 산발 이상 여부 관찰"
MIX1_EDGE_L2_059_477,22,mixed,2,EDGE_FAIL,fire,(조합),,,EDGE_FAIL;OUTLIER_WARN;HEAVY_TAIL,OUTLIER_WARN;HEAVY_TAIL,,,,OUTLIER_WARN;HEAVY_TAIL,MINOR,"[MINOR] [현상] outlier 비율이 주의 수준으로 관찰됩니다.
[과거사례] 참고할 수 있는 과거 사례가 없습니다. 
 [점검제안] outlier 비율 주의 수준 — 개별 die 산발 이상 여부 관찰"
MIX2_EDGE-HEAVYTAIL_L3_055_473,22,mixed,3,EDGE_FAIL;HEAVY_TAIL,fire,(조합),,,EDGE_FAIL;HEAVY_TAIL,HEAVY_TAIL,,,,,MINOR,"[MINOR] [현상] 분포 꼬리가 두껍게 나타납니다.
[과거사례] 참고할 수 있는 과거 사례가 없습니다. 
 [점검제안] 분포 꼬리가 두꺼움(간헐 spike) — 산발 이상치 원인(contact/노이즈) 관찰"
MIX2_EDGE-SEVOUT_L4_048_466,22,mixed,4,EDGE_FAIL;SEVERE_OUTLIER,fire,(조합),,,EDGE_FAIL;SEVERE_OUTLIER;SPEC_TOO_TIGHT,SEVERE_OUTLIER;SPEC_TOO_TIGHT,,,,SPEC_TOO_TIGHT,MAJOR,"[MAJOR] [현상] outlier 성 fail 비율이 높게 나타납니다.
[과거사례] 참고할 수 있는 과거 사례가 없습니다. 
 [점검제안] outlier 성 fail 비율 높음 — 개별 die 산발 이상, contact/retest 재현성 확인"
MIX2_SPECTIGHT-EDGE_L5_031_449,22,mixed,5,SPEC_TOO_TIGHT;EDGE_FAIL,fire,(조합),,,EDGE_FAIL;SPEC_TOO_TIGHT,SPEC_TOO_TIGHT,,,,,MINOR,"[MINOR] [현상] 산포는 안정적이나 spec margin이 부족한 상태입니다.
[과거사례] 참고할 수 있는 과거 사례가 없습니다. 
 [점검제안] 분포는 양호(좁고·중앙·단봉)한데 cpk 낮음 — spec margin 자체 검토(spec_review)"
MIX3_EDGE-HEAVYTAIL-MEANSHIFT_L5_038_456,22,mixed,5,EDGE_FAIL;HEAVY_TAIL;MEAN_SHIFT,fire,(조합),,,EDGE_FAIL;LOW_CPK;MEAN_SHIFT;HEAVY_TAIL,LOW_CPK;MEAN_SHIFT;HEAVY_TAIL,,,,LOW_CPK,MAJOR,"[MAJOR] [현상] 공정능력지수(Cpk)가 기준(1.33) 미달입니다.
[과거사례] 참고할 수 있는 과거 사례가 없습니다. 
 [점검제안] 공정능력지수 미달(cpk<1.33) — 산포/센터링 근본 점검"
MIX3_MEANSHIFT-EDGE-SUBPOP_L2_054_472,22,mixed,2,MEAN_SHIFT;EDGE_FAIL;SUBPOP_GAP,fire,(조합),,,EDGE_FAIL;MEAN_SHIFT;SUBPOP_GAP,SUBPOP_GAP;MEAN_SHIFT,,,,,MAJOR,"[MAJOR][이봉] [현상] 분포가 2개 level로 분리되는 양상입니다.
[과거사례] 참고할 수 있는 과거 사례가 없습니다. 
 [점검제안] 분포가 두 무리로 분리(이봉) — 로트/장비 혼입·조건 이원화 점검"
MIX3_SPECTIGHT-SEVOUT-EDGE_L4_058_476,22,mixed,4,SPEC_TOO_TIGHT;SEVERE_OUTLIER;EDGE_FAIL,fire,(조합),,,EDGE_FAIL;SEVERE_OUTLIER;SPEC_TOO_TIGHT;BIDIR_TAIL,SEVERE_OUTLIER;SPEC_TOO_TIGHT,,,,BIDIR_TAIL,MAJOR,"[MAJOR] [현상] outlier 성 fail 비율이 높게 나타납니다.
[과거사례] 참고할 수 있는 과거 사례가 없습니다. 
 [점검제안] outlier 성 fail 비율 높음 — 개별 die 산발 이상, contact/retest 재현성 확인"
MIX3_SUBPOP-WIDE-CENTER_L2_186,22,combo,2,SUBPOP_GAP;WIDE_DISTRIBUTION;CENTER_FAIL,fire,(조합),,,CENTER_FAIL;WIDE_DISTRIBUTION;BIDIR_TAIL;LOW_CPK;CLUSTER_FAIL;SUBPOP_GAP,WIDE_DISTRIBUTION;LOW_CPK;SUBPOP_GAP,,,,BIDIR_TAIL;LOW_CPK;CLUSTER_FAIL,MAJOR,"[MAJOR][이봉] [현상] 산포가 spec 폭 대비 넓게 퍼져 있습니다.
[과거사례] 참고할 수 있는 과거 사례가 없습니다. 
 [점검제안] 산포가 spec 폭 대비 넓음 — 공정 변동 및 site/wafer 조건별 산포 차이 확인"
MIX3_SUBPOP-WIDE-CENTER_L3_187,22,combo,3,SUBPOP_GAP;WIDE_DISTRIBUTION;CENTER_FAIL,fire,(조합),,,CENTER_FAIL;WIDE_DISTRIBUTION;BIDIR_TAIL;LOW_CPK;SUBPOP_GAP,WIDE_DISTRIBUTION;LOW_CPK;SUBPOP_GAP,,,,BIDIR_TAIL;LOW_CPK,MAJOR,"[MAJOR][이봉] [현상] 산포가 spec 폭 대비 넓게 퍼져 있습니다.
[과거사례] 참고할 수 있는 과거 사례가 없습니다. 
 [점검제안] 산포가 spec 폭 대비 넓음 — 공정 변동 및 site/wafer 조건별 산포 차이 확인"
MIX3_SUBPOP-WIDE-CENTER_L4_188,22,combo,4,SUBPOP_GAP;WIDE_DISTRIBUTION;CENTER_FAIL,fire,(조합),,,CENTER_FAIL;WIDE_DISTRIBUTION;BIDIR_TAIL;LOW_CPK;SUBPOP_GAP,WIDE_DISTRIBUTION;LOW_CPK;SUBPOP_GAP,,,,BIDIR_TAIL;LOW_CPK,MAJOR,"[MAJOR][이봉] [현상] 산포가 spec 폭 대비 넓게 퍼져 있습니다.
[과거사례] 참고할 수 있는 과거 사례가 없습니다. 
 [점검제안] 산포가 spec 폭 대비 넓음 — 공정 변동 및 site/wafer 조건별 산포 차이 확인"
MIX1_CENTER_L2_077_495,23,mixed,2,CENTER_FAIL,fire,(조합),,,CENTER_FAIL;OUTLIER_WARN;HEAVY_TAIL,OUTLIER_WARN;HEAVY_TAIL,,,,OUTLIER_WARN;HEAVY_TAIL,MINOR,"[MINOR] [현상] outlier 비율이 주의 수준으로 관찰됩니다.
[과거사례] 참고할 수 있는 과거 사례가 없습니다. 
 [점검제안] outlier 비율 주의 수준 — 개별 die 산발 이상 여부 관찰"
MIX1_EDGE_L2_062_480,23,mixed,2,EDGE_FAIL,fire,(조합),,,EDGE_FAIL;OUTLIER_WARN;HEAVY_TAIL,OUTLIER_WARN;HEAVY_TAIL,,,,OUTLIER_WARN;HEAVY_TAIL,MINOR,"[MINOR] [현상] outlier 비율이 주의 수준으로 관찰됩니다.
[과거사례] 참고할 수 있는 과거 사례가 없습니다. 
 [점검제안] outlier 비율 주의 수준 — 개별 die 산발 이상 여부 관찰"
MIX2_EDGE-HEAVYTAIL_L4_079_497,23,mixed,4,EDGE_FAIL;HEAVY_TAIL,fire,(조합),,,EDGE_FAIL;HEAVY_TAIL,HEAVY_TAIL,,,,,MINOR,"[MINOR] [현상] 분포 꼬리가 두껍게 나타납니다.
[과거사례] 참고할 수 있는 과거 사례가 없습니다. 
 [점검제안] 분포 꼬리가 두꺼움(간헐 spike) — 산발 이상치 원인(contact/노이즈) 관찰"
MIX3_MEANSHIFT-SEVOUT-EDGE_L2_080_498,23,mixed,2,MEAN_SHIFT;SEVERE_OUTLIER;EDGE_FAIL,fire,(조합),,,EDGE_FAIL;SEVERE_OUTLIER;MEAN_SHIFT;HEAVY_TAIL,SEVERE_OUTLIER;MEAN_SHIFT;HEAVY_TAIL,,,,HEAVY_TAIL,MAJOR,"[MAJOR] [현상] outlier 성 fail 비율이 높게 나타납니다.
[과거사례] 참고할 수 있는 과거 사례가 없습니다. 
 [점검제안] outlier 성 fail 비율 높음 — 개별 die 산발 이상, contact/retest 재현성 확인"
MIX3_MEANSHIFT-SUBPOP-CENTER_L4_003_421,23,mixed,4,MEAN_SHIFT;SUBPOP_GAP;CENTER_FAIL,fire,(조합),,,CENTER_FAIL;WIDE_DISTRIBUTION;LOW_CPK;MEAN_SHIFT;SUBPOP_GAP,WIDE_DISTRIBUTION;LOW_CPK;MEAN_SHIFT;SUBPOP_GAP,,,,WIDE_DISTRIBUTION;LOW_CPK,MAJOR,"[MAJOR][이봉] [현상] 산포가 spec 폭 대비 넓게 퍼져 있습니다.
[과거사례] 참고할 수 있는 과거 사례가 없습니다. 
 [점검제안] 산포가 spec 폭 대비 넓음 — 공정 변동 및 site/wafer 조건별 산포 차이 확인"
MIX3_SUBPOP-WIDE-CENTER_L5_189,23,combo,5,SUBPOP_GAP;WIDE_DISTRIBUTION;CENTER_FAIL,fire,(조합),,,CENTER_FAIL;WIDE_DISTRIBUTION;BIDIR_TAIL;LOW_CPK;WAFER_GRADIENT;SUBPOP_GAP,WIDE_DISTRIBUTION;LOW_CPK;SUBPOP_GAP,,,,BIDIR_TAIL;LOW_CPK;WAFER_GRADIENT,MAJOR,"[MAJOR][다봉] [현상] 산포가 spec 폭 대비 넓게 퍼져 있습니다.
[과거사례] 참고할 수 있는 과거 사례가 없습니다. 
 [점검제안] 산포가 spec 폭 대비 넓음 — 공정 변동 및 site/wafer 조건별 산포 차이 확인"
MIX3_WIDE-MEANSHIFT-EDGE_L4_076_494,23,mixed,4,WIDE_DISTRIBUTION;MEAN_SHIFT;EDGE_FAIL,fire,(조합),,,EDGE_FAIL;WIDE_DISTRIBUTION;LOW_CPK;MEAN_SHIFT,WIDE_DISTRIBUTION;LOW_CPK;MEAN_SHIFT,,,,LOW_CPK,MAJOR,"[MAJOR] [현상] 산포가 spec 폭 대비 넓게 퍼져 있습니다.
[과거사례] 참고할 수 있는 과거 사례가 없습니다. 
 [점검제안] 산포가 spec 폭 대비 넓음 — 공정 변동 및 site/wafer 조건별 산포 차이 확인"
MIX1_CENTER_L3_021_439,24,mixed,3,CENTER_FAIL,fire,(조합),,,CENTER_FAIL;OUTLIER_WARN;HEAVY_TAIL,OUTLIER_WARN;HEAVY_TAIL,,,,OUTLIER_WARN;HEAVY_TAIL,MINOR,"[MINOR] [현상] outlier 비율이 주의 수준으로 관찰됩니다.
[과거사례] 참고할 수 있는 과거 사례가 없습니다. 
 [점검제안] outlier 비율 주의 수준 — 개별 die 산발 이상 여부 관찰"
MIX2_OUTWARN-CENTER_L3_063_481,24,mixed,3,OUTLIER_WARN;CENTER_FAIL,fire,(조합),,,CENTER_FAIL;OUTLIER_WARN;HEAVY_TAIL,OUTLIER_WARN;HEAVY_TAIL,,,,HEAVY_TAIL,MINOR,"[MINOR] [현상] outlier 비율이 주의 수준으로 관찰됩니다.
[과거사례] 참고할 수 있는 과거 사례가 없습니다. 
 [점검제안] outlier 비율 주의 수준 — 개별 die 산발 이상 여부 관찰"
MIX3_WIDE-MEANSHIFT-CENTER_L5_016_434,24,mixed,5,WIDE_DISTRIBUTION;MEAN_SHIFT;CENTER_FAIL,fire,(조합),,,CENTER_FAIL;WIDE_DISTRIBUTION;LOW_CPK;MEAN_SHIFT;WAFER_GRADIENT,WIDE_DISTRIBUTION;LOW_CPK;MEAN_SHIFT,,,,LOW_CPK;WAFER_GRADIENT,MAJOR,"[MAJOR] [현상] 산포가 spec 폭 대비 넓게 퍼져 있습니다.
[과거사례] 참고할 수 있는 과거 사례가 없습니다. 
 [점검제안] 산포가 spec 폭 대비 넓음 — 공정 변동 및 site/wafer 조건별 산포 차이 확인"
MIX1_CENTER_L4_035_453,25,mixed,4,CENTER_FAIL,fire,(조합),,,CENTER_FAIL;OUTLIER_WARN;HEAVY_TAIL,OUTLIER_WARN;HEAVY_TAIL,,,,OUTLIER_WARN;HEAVY_TAIL,MINOR,"[MINOR] [현상] outlier 비율이 주의 수준으로 관찰됩니다.
[과거사례] 참고할 수 있는 과거 사례가 없습니다. 
 [점검제안] outlier 비율 주의 수준 — 개별 die 산발 이상 여부 관찰"
MIX2_SEVOUT-CENTER_L2_081_499,25,mixed,2,SEVERE_OUTLIER;CENTER_FAIL,fire,(조합),,,CENTER_FAIL;SEVERE_OUTLIER;HEAVY_TAIL,SEVERE_OUTLIER;HEAVY_TAIL,,,,HEAVY_TAIL,MAJOR,"[MAJOR] [현상] outlier 성 fail 비율이 높게 나타납니다.
[과거사례] 참고할 수 있는 과거 사례가 없습니다. 
 [점검제안] outlier 성 fail 비율 높음 — 개별 die 산발 이상, contact/retest 재현성 확인"
MIX3_CENTER-MEANSHIFT-WIDE_L5_018_436,25,mixed,5,CENTER_FAIL;MEAN_SHIFT;WIDE_DISTRIBUTION,fire,(조합),,,CENTER_FAIL;WIDE_DISTRIBUTION;LOW_CPK;MEAN_SHIFT;WAFER_GRADIENT,WIDE_DISTRIBUTION;LOW_CPK;MEAN_SHIFT,,,,LOW_CPK;WAFER_GRADIENT,MAJOR,"[MAJOR] [현상] 산포가 spec 폭 대비 넓게 퍼져 있습니다.
[과거사례] 참고할 수 있는 과거 사례가 없습니다. 
 [점검제안] 산포가 spec 폭 대비 넓음 — 공정 변동 및 site/wafer 조건별 산포 차이 확인"
MIX2_CENTER-OUTWARN_L5_025_443,26,mixed,5,CENTER_FAIL;OUTLIER_WARN,fire,(조합),,,CENTER_FAIL;OUTLIER_WARN;HEAVY_TAIL,OUTLIER_WARN;HEAVY_TAIL,,,,HEAVY_TAIL,MINOR,"[MINOR] [현상] outlier 비율이 주의 수준으로 관찰됩니다.
[과거사례] 참고할 수 있는 과거 사례가 없습니다. 
 [점검제안] outlier 비율 주의 수준 — 개별 die 산발 이상 여부 관찰"
MIX3_OUTWARN-SPECTIGHT-CENTER_L4_053_471,26,mixed,4,OUTLIER_WARN;SPEC_TOO_TIGHT;CENTER_FAIL,fire,(조합),,,CENTER_FAIL;OUTLIER_WARN;SPEC_TOO_TIGHT;HEAVY_TAIL,OUTLIER_WARN;SPEC_TOO_TIGHT;HEAVY_TAIL,,,,HEAVY_TAIL,MINOR,"[MINOR] [현상] outlier 비율이 주의 수준으로 관찰됩니다.
[과거사례] 참고할 수 있는 과거 사례가 없습니다. 
 [점검제안] outlier 비율 주의 수준 — 개별 die 산발 이상 여부 관찰"
MIX2_CENTER-SEVOUT_L3_066_484,27,mixed,3,CENTER_FAIL;SEVERE_OUTLIER,fire,(조합),,,CENTER_FAIL;SEVERE_OUTLIER;HEAVY_TAIL,SEVERE_OUTLIER;HEAVY_TAIL,,,,HEAVY_TAIL,MAJOR,"[MAJOR] [현상] outlier 성 fail 비율이 높게 나타납니다.
[과거사례] 참고할 수 있는 과거 사례가 없습니다. 
 [점검제안] outlier 성 fail 비율 높음 — 개별 die 산발 이상, contact/retest 재현성 확인"
MIX2_MEANSHIFT-CENTER_L3_071_489,27,mixed,3,MEAN_SHIFT;CENTER_FAIL,fire,(조합),,,CENTER_FAIL;MEAN_SHIFT,MEAN_SHIFT,,,,,MINOR,"[MINOR] [현상] 분포 중심이 한쪽 spec으로 치우쳐 있습니다.
[과거사례] 참고할 수 있는 과거 사례가 없습니다. 
 [점검제안] 분포 중심이 한쪽 spec 으로 치우침 — offset/센터링 trim 검토"
MIX3_OUTWARN-SPECTIGHT-CENTER_L3_067_485,27,mixed,3,OUTLIER_WARN;SPEC_TOO_TIGHT;CENTER_FAIL,fire,(조합),,,CENTER_FAIL;OUTLIER_WARN;SPEC_TOO_TIGHT;HEAVY_TAIL,OUTLIER_WARN;SPEC_TOO_TIGHT;HEAVY_TAIL,,,,HEAVY_TAIL,MINOR,"[MINOR] [현상] outlier 비율이 주의 수준으로 관찰됩니다.
[과거사례] 참고할 수 있는 과거 사례가 없습니다. 
 [점검제안] outlier 비율 주의 수준 — 개별 die 산발 이상 여부 관찰"
MIX3_SEVOUT-CENTER-MEANSHIFT_L4_057_475,27,mixed,4,SEVERE_OUTLIER;CENTER_FAIL;MEAN_SHIFT,fire,(조합),,,CENTER_FAIL;SEVERE_OUTLIER;LOW_CPK;MEAN_SHIFT,SEVERE_OUTLIER;LOW_CPK;MEAN_SHIFT,,,,LOW_CPK,MAJOR,"[MAJOR] [현상] outlier 성 fail 비율이 높게 나타납니다.
[과거사례] 참고할 수 있는 과거 사례가 없습니다. 
 [점검제안] outlier 성 fail 비율 높음 — 개별 die 산발 이상, contact/retest 재현성 확인"
MIX1_CENTER_L3_078_496,28,mixed,3,CENTER_FAIL,fire,(조합),,,CENTER_FAIL;OUTLIER_WARN;HEAVY_TAIL,OUTLIER_WARN;HEAVY_TAIL,,,,OUTLIER_WARN;HEAVY_TAIL,MINOR,"[MINOR] [현상] outlier 비율이 주의 수준으로 관찰됩니다.
[과거사례] 참고할 수 있는 과거 사례가 없습니다. 
 [점검제안] outlier 비율 주의 수준 — 개별 die 산발 이상 여부 관찰"
MIX2_CENTER-SUBPOP_L5_069_487,28,mixed,5,CENTER_FAIL;SUBPOP_GAP,fire,(조합),,,CENTER_FAIL;WIDE_DISTRIBUTION;LOW_CPK;WAFER_GRADIENT;SUBPOP_GAP,WIDE_DISTRIBUTION;LOW_CPK;SUBPOP_GAP,,,,WIDE_DISTRIBUTION;LOW_CPK;WAFER_GRADIENT,MAJOR,"[MAJOR][다봉] [현상] 산포가 spec 폭 대비 넓게 퍼져 있습니다.
[과거사례] 참고할 수 있는 과거 사례가 없습니다. 
 [점검제안] 산포가 spec 폭 대비 넓음 — 공정 변동 및 site/wafer 조건별 산포 차이 확인"
MIX3_WIDE-CENTER-HEAVYTAIL_L3_073_491,28,mixed,3,WIDE_DISTRIBUTION;CENTER_FAIL;HEAVY_TAIL,fire,(조합),,,CENTER_FAIL;WIDE_DISTRIBUTION;LOW_CPK;HEAVY_TAIL,WIDE_DISTRIBUTION;LOW_CPK;HEAVY_TAIL,,,,LOW_CPK,MAJOR,"[MAJOR] [현상] 산포가 spec 폭 대비 넓게 퍼져 있습니다.
[과거사례] 참고할 수 있는 과거 사례가 없습니다. 
 [점검제안] 산포가 spec 폭 대비 넓음 — 공정 변동 및 site/wafer 조건별 산포 차이 확인"
MIX1_CENTER_L5_070_488,29,mixed,5,CENTER_FAIL,fire,(조합),,,CENTER_FAIL;OUTLIER_WARN;HEAVY_TAIL,OUTLIER_WARN;HEAVY_TAIL,,,,OUTLIER_WARN;HEAVY_TAIL,MINOR,"[MINOR] [현상] outlier 비율이 주의 수준으로 관찰됩니다.
[과거사례] 참고할 수 있는 과거 사례가 없습니다. 
 [점검제안] outlier 비율 주의 수준 — 개별 die 산발 이상 여부 관찰"
MIX2_CENTER-SUBPOP_L4_075_493,29,mixed,4,CENTER_FAIL;SUBPOP_GAP,fire,(조합),,,CENTER_FAIL;WIDE_DISTRIBUTION;LOW_CPK;SUBPOP_GAP,WIDE_DISTRIBUTION;LOW_CPK;SUBPOP_GAP,,,,WIDE_DISTRIBUTION;LOW_CPK,MAJOR,"[MAJOR][이봉] [현상] 산포가 spec 폭 대비 넓게 퍼져 있습니다.
[과거사례] 참고할 수 있는 과거 사례가 없습니다. 
 [점검제안] 산포가 spec 폭 대비 넓음 — 공정 변동 및 site/wafer 조건별 산포 차이 확인"
